epoch,train_loss,val_mse,lr
0,0.9564152848,0.8383394244,0.00299999486
1,0.7662111106,0.7351726007,0.002999979438
2,0.6687615311,0.674047379,0.002999953736
3,0.6021788011,0.6320923493,0.002999917754
4,0.5531305874,0.5999360405,0.002999871491
5,0.5154963228,0.5752162304,0.002999814949
6,0.4848847388,0.5546729134,0.002999748127
7,0.4603858056,0.5384939693,0.002999671025
8,0.4407744958,0.5257076481,0.002999583645
9,0.4242284418,0.5136340212,0.002999485987
10,0.4107009744,0.5045384056,0.002999378052
11,0.3989957349,0.4966240771,0.002999259841
12,0.3887282854,0.4894191019,0.002999131353
13,0.3798945123,0.48455092,0.002998992591
14,0.3725735422,0.4795572537,0.002998843554
15,0.3661047781,0.4748529815,0.002998684245
16,0.3602569316,0.4713786558,0.002998514664
17,0.3548924557,0.4674896745,0.002998334812
18,0.3504517585,0.4651150379,0.002998144691
19,0.346705622,0.4622414147,0.002997944302
20,0.3434766446,0.4599938721,0.002997733646
21,0.3400117195,0.4576465934,0.002997512725
22,0.337400606,0.4558023291,0.00299728154
23,0.3350134934,0.4542626944,0.002997040093
24,0.3326600448,0.4524094485,0.002996788385
25,0.3305247901,0.4503175923,0.002996526418
26,0.3289504327,0.449852343,0.002996254195
27,0.3273898984,0.4482340825,0.002995971716
28,0.3255081269,0.4461072153,0.002995678984
29,0.323654223,0.4449935193,0.002995376001
30,0.3227090411,0.4453697396,0.002995062768
31,0.3217221134,0.4435487279,0.002994739289
32,0.3198676428,0.4411031666,0.002994405565
33,0.3186800806,0.4410791997,0.002994061598
34,0.3174421584,0.4409936303,0.002993707391
35,0.316547142,0.4401727659,0.002993342947
36,0.3157356825,0.4388528409,0.002992968267
37,0.3149369438,0.4382046108,0.002992583355
38,0.3142189412,0.4374750473,0.002992188213
39,0.3136496285,0.437887934,0.002991782843
40,0.3132226973,0.4374904371,0.002991367249
41,0.3126937011,0.4369619758,0.002990941433
42,0.3118570681,0.4365223571,0.002990505399
43,0.3120505234,0.4374282752,0.002990059148
44,0.3120332583,0.4373704405,0.002989602685
45,0.3122762845,0.4372783303,0.002989136013
46,0.3123980674,0.4384285958,0.002988659134
47,0.3123824337,0.437501127,0.002988172052
48,0.3121028976,0.436578025,0.00298767477
49,0.312332677,0.4371026306,0.002987167292
50,0.3113323009,0.4362520711,0.002986649621
51,0.3110436279,0.4372722156,0.002986121761
52,0.3111505037,0.4367969785,0.002985583715
53,0.3108310261,0.4360743898,0.002985035487
54,0.3100730853,0.4350560742,0.00298447708
55,0.3087392063,0.4336799327,0.002983908499
56,0.3079378224,0.4333569017,0.002983329748
57,0.3071628717,0.4320628407,0.00298274083
58,0.3068825894,0.4332874219,0.00298214175
59,0.3064481399,0.4311025074,0.002981532511
60,0.3051312507,0.4310014126,0.002980913118
61,0.3048996049,0.4316114497,0.002980283575
62,0.3046204388,0.4300633839,0.002979643886
63,0.3042228639,0.4304867117,0.002978994056
64,0.3034795828,0.4306628762,0.002978334089
65,0.3034816003,0.4305104295,0.002977663989
66,0.3030985605,0.4295076559,0.002976983762
67,0.3019837143,0.4277573177,0.002976293412
68,0.3016508991,0.4285631036,0.002975592943
69,0.3009183201,0.4278553785,0.002974882361
70,0.3006314742,0.4273444178,0.002974161671
71,0.2997458906,0.4259592083,0.002973430876
72,0.2993353259,0.4272035956,0.002972689983
73,0.3001935409,0.4270421894,0.002971938996
74,0.2998856461,0.4268620813,0.002971177921
75,0.2993904285,0.4271068616,0.002970406762
76,0.2992516509,0.4261396346,0.002969625525
77,0.2991109491,0.426880134,0.002968834216
78,0.2988011876,0.4259455393,0.002968032839
79,0.2986153528,0.4253599057,0.002967221401
80,0.2984427887,0.4253785646,0.002966399907
81,0.298122131,0.4249467346,0.002965568362
82,0.2974170585,0.4243231113,0.002964726772
83,0.2970262147,0.4244478202,0.002963875143
84,0.2968812736,0.4245131141,0.002963013481
85,0.2971790297,0.4241550815,0.002962141791
86,0.2963761355,0.4245718925,0.00296126008
87,0.2959361799,0.423990139,0.002960368354
88,0.2952604964,0.4234116027,0.002959466619
89,0.2950316739,0.4228494759,0.002958554881
90,0.2944970112,0.4222680485,0.002957633145
91,0.2938838414,0.4220354529,0.00295670142
92,0.2937158891,0.4221680274,0.00295575971
93,0.2936456728,0.4222637674,0.002954808023
94,0.2933392859,0.4218887526,0.002953846365
95,0.2929943993,0.4209041679,0.002952874742
96,0.2928021882,0.4207519253,0.002951893161
97,0.2927688074,0.4213142731,0.002950901629
98,0.2925778299,0.4205389222,0.002949900153
99,0.2921014533,0.4211538271,0.002948888739
100,0.2919365486,0.4203256721,0.002947867395
101,0.2913407854,0.4203096176,0.002946836128
102,0.2913593129,0.4205011004,0.002945794944
103,0.2916783452,0.42069859,0.00294474385
104,0.2914947054,0.4203224967,0.002943682855
105,0.2911041725,0.4199738982,0.002942611964
106,0.2915338216,0.4205212204,0.002941531186
107,0.2915323951,0.420942976,0.002940440529
108,0.2912645566,0.4195916073,0.002939339998
109,0.2909322901,0.4196939079,0.002938229602
110,0.2911140618,0.4206753816,0.002937109349
111,0.2917246598,0.4203405493,0.002935979246
112,0.2912898719,0.4196361161,0.002934839301
113,0.2908916151,0.4199577744,0.002933689522
114,0.290141134,0.4193051918,0.002932529917
115,0.290349282,0.4195766339,0.002931360493
116,0.2905263593,0.4196626044,0.002930181258
117,0.2903800433,0.4192915467,0.002928992222
118,0.2901701987,0.4186678746,0.002927793391
119,0.289583409,0.418505015,0.002926584774
120,0.2895820604,0.4191129836,0.00292536638
121,0.2897383604,0.4179301169,0.002924138216
122,0.2896708639,0.4187030815,0.002922900292
123,0.289355343,0.4177138261,0.002921652615
124,0.2896732137,0.4189023078,0.002920395194
125,0.2894672297,0.4186264982,0.002919128038
126,0.2892596055,0.4183419042,0.002917851156
127,0.2895643641,0.418303923,0.002916564555
128,0.2895594788,0.4183541282,0.002915268246
129,0.2893887847,0.4193186932,0.002913962237
130,0.2892670122,0.4182364807,0.002912646536
131,0.2891594336,0.4187784077,0.002911321153
132,0.2893244911,0.4186192856,0.002909986098
133,0.2895861043,0.418964028,0.002908641378
134,0.2901422188,0.4197385611,0.002907287004
135,0.2901924968,0.4185310376,0.002905922984
136,0.2895894167,0.4190413596,0.002904549329
137,0.2895755721,0.4180868554,0.002903166046
138,0.289274764,0.4184618879,0.002901773147
139,0.2895159485,0.4187590374,0.00290037064
140,0.2898513855,0.4185959187,0.002898958535
141,0.2898643534,0.4189455141,0.002897536841
142,0.2895612784,0.4187258559,0.002896105569
143,0.2895125804,0.4191975276,0.002894664729
144,0.2904184612,0.4203400475,0.002893214329
145,0.2909349048,0.4196163154,0.002891754381
146,0.2915859882,0.4213680501,0.002890284893
147,0.2931680924,0.4228179322,0.002888805877
148,0.2934472086,0.4221912785,0.002887317342
149,0.2925488789,0.4224103247,0.002885819299
150,0.2929099185,0.4219118446,0.002884311757
151,0.2925113645,0.4212829934,0.002882794727
152,0.2922162083,0.4214004694,0.00288126822
153,0.2929828477,0.4226006062,0.002879732246
154,0.2932492231,0.4227475143,0.002878186815
155,0.2930231787,0.4208836631,0.002876631939
156,0.2920672958,0.420981197,0.002875067627
157,0.2926680096,0.4219909275,0.00287349389
158,0.2926366006,0.4214574683,0.00287191074
159,0.2927080698,0.4214802519,0.002870318186
160,0.2927830509,0.4211111736,0.002868716241
161,0.2928954709,0.4224361827,0.002867104915
162,0.2928861703,0.4224625767,0.002865484219
163,0.2929124126,0.4215950257,0.002863854164
164,0.2927192376,0.4214289571,0.002862214761
165,0.2920393946,0.4206969629,0.002860566021
166,0.2919068786,0.420602473,0.002858907957
167,0.2911793479,0.4200594163,0.002857240579
168,0.2901261574,0.4189336455,0.002855563898
169,0.2897257329,0.4183695084,0.002853877927
170,0.2893697582,0.4178881649,0.002852182676
171,0.2885798787,0.4179959246,0.002850478157
172,0.2879584474,0.4173274472,0.002848764383
173,0.2877165626,0.4179242727,0.002847041364
174,0.2881543279,0.4168815464,0.002845309112
175,0.2877872196,0.4172477447,0.00284356764
176,0.2877891895,0.4175450979,0.00284181696
177,0.287681971,0.4166223738,0.002840057082
178,0.2877091798,0.4173985011,0.002838288021
179,0.287824672,0.4169993542,0.002836509786
180,0.2875277852,0.4173341961,0.002834722392
181,0.2872130234,0.4164906473,0.002832925849
182,0.2871064871,0.4168571949,0.002831120171
183,0.287543043,0.416589588,0.002829305369
184,0.286712015,0.4159144859,0.002827481456
185,0.2863857967,0.4169529385,0.002825648445
186,0.2864598105,0.4162669532,0.002823806348
187,0.286198195,0.4159612319,0.002821955178
188,0.2860462409,0.4154623466,0.002820094947
189,0.2854338634,0.4152112124,0.002818225669
190,0.285414983,0.414765435,0.002816347356
191,0.2847126525,0.4151778791,0.00281446002
192,0.28479031,0.414356256,0.002812563675
193,0.2844489461,0.4139819037,0.002810658335
194,0.2840630142,0.4136918945,0.002808744011
195,0.283685169,0.4135549363,0.002806820717
196,0.2831801939,0.41301303,0.002804888466
197,0.283457674,0.4132673618,0.002802947272
198,0.2833647902,0.4134534635,0.002800997147
199,0.2835134724,0.4141088354,0.002799038106
200,0.2835597172,0.4137776749,0.002797070161
201,0.2833694703,0.4136988361,0.002795093326
202,0.2830085158,0.4135377812,0.002793107615
203,0.2831256574,0.4136829579,0.002791113041
204,0.2831182218,0.4133878844,0.002789109617
205,0.2835932429,0.4131949865,0.002787097359
206,0.2829822759,0.413509121,0.002785076278
207,0.2835308695,0.4140551604,0.00278304639
208,0.2834912449,0.4133734084,0.002781007708
209,0.2838279129,0.4132475794,0.002778960247
210,0.2835138081,0.4132007051,0.002776904019
211,0.2836764073,0.413072643,0.002774839039
212,0.2833226438,0.4126108832,0.002772765322
213,0.2832496844,0.4130435609,0.002770682882
214,0.2831732393,0.4133669004,0.002768591733
215,0.2830552064,0.4138358731,0.002766491888
216,0.2838214896,0.414584835,0.002764383364
217,0.2842948991,0.4136286554,0.002762266173
218,0.2842704354,0.4138820036,0.002760140331
219,0.2841711613,0.4133763961,0.002758005852
220,0.2838256983,0.4135198432,0.002755862751
221,0.2836668717,0.4140490895,0.002753711042
222,0.2836585123,0.4135987594,0.002751550741
223,0.2836055948,0.4136490465,0.002749381861
224,0.2835212308,0.4144682894,0.002747204418
225,0.2833298138,0.4133430864,0.002745018428
226,0.2829790255,0.4127861304,0.002742823904
227,0.2828110857,0.4129751343,0.002740620861
228,0.2827496304,0.4131778479,0.002738409316
229,0.2829163661,0.4129145675,0.002736189283
230,0.2827824973,0.4130913214,0.002733960777
231,0.2824763007,0.4126140632,0.002731723814
232,0.2822211618,0.4128399582,0.002729478408
233,0.2823850639,0.41302972,0.002727224576
234,0.2825587581,0.4132145166,0.002724962333
235,0.2827257896,0.4125735252,0.002722691694
236,0.2825815101,0.4133401072,0.002720412674
237,0.2826575222,0.4132387335,0.00271812529
238,0.282569979,0.4127642104,0.002715829558
239,0.2830518671,0.4131827154,0.002713525492
240,0.28326903,0.4143509322,0.002711213108
241,0.2834779908,0.4138130246,0.002708892423
242,0.2837172812,0.4138928878,0.002706563453
243,0.2829703026,0.4127239083,0.002704226213
244,0.2825778551,0.4134792003,0.002701880719
245,0.2831289882,0.4135374123,0.002699526988
246,0.2825992396,0.4127240597,0.002697165035
247,0.2821406826,0.412763621,0.002694794877
248,0.2820646481,0.4127934372,0.00269241653
249,0.2819144951,0.4122709501,0.00269003001
250,0.2819072872,0.4121759578,0.002687635334
251,0.2817421166,0.4122486021,0.002685232519
252,0.2817360293,0.4122885188,0.002682821579
253,0.2814789199,0.412375001,0.002680402533
254,0.2815557446,0.4118072333,0.002677975396
255,0.2815176112,0.4120856053,0.002675540186
256,0.2813033765,0.4124678712,0.002673096919
257,0.2814106947,0.4119533646,0.002670645611
258,0.2810542247,0.41179194,0.00266818628
259,0.2811252558,0.4119893942,0.002665718942
260,0.2811623239,0.4115514254,0.002663243615
261,0.2810682624,0.4130588153,0.002660760315
262,0.2816992036,0.4114632299,0.002658269059
263,0.2809855891,0.4112624968,0.002655769864
264,0.2808656501,0.411284014,0.002653262748
265,0.2810559151,0.4116473937,0.002650747728
266,0.2808876849,0.4117689574,0.00264822482
267,0.2809925801,0.4119532796,0.002645694043
268,0.2805372293,0.4109498104,0.002643155413
269,0.2806377945,0.4116793017,0.002640608948
270,0.2809377458,0.4123338676,0.002638054666
271,0.2809459747,0.4119512993,0.002635492583
272,0.2807459361,0.4114677686,0.002632922718
273,0.2804664574,0.4112174335,0.002630345088
274,0.2802121095,0.4111845604,0.002627759711
275,0.2802030806,0.4106341465,0.002625166604
276,0.2801837085,0.4110830958,0.002622565786
277,0.2802588233,0.4116916982,0.002619957273
278,0.2806924193,0.4113019196,0.002617341085
279,0.2809141987,0.4117001953,0.002614717238
280,0.2811533677,0.4111367972,0.002612085751
281,0.2811077297,0.4119310765,0.002609446642
282,0.2814743396,0.4126715686,0.00260679993
283,0.2821268878,0.4125090874,0.002604145631
284,0.2816343773,0.4121381328,0.002601483764
285,0.2811855164,0.4118155377,0.002598814348
286,0.2812465393,0.4123098309,0.002596137401
287,0.2818683966,0.413382512,0.002593452941
288,0.2825221394,0.4138235758,0.002590760987
289,0.282576356,0.4126444,0.002588061557
290,0.2822860024,0.4122926117,0.002585354669
291,0.2822933696,0.412469617,0.002582640342
292,0.2825624316,0.413133839,0.002579918595
293,0.2824891376,0.413065115,0.002577189447
294,0.2831060369,0.4130880272,0.002574452915
295,0.281865341,0.4122529959,0.002571709019
296,0.2811399196,0.4120324909,0.002568957778
297,0.2811807402,0.4130622853,0.002566199211
298,0.2818239526,0.4133169977,0.002563433336
299,0.2820859199,0.4128726657,0.002560660172
300,0.2817880678,0.4122731119,0.002557879738
301,0.2818232669,0.4125731783,0.002555092054
302,0.2824151018,0.4130322857,0.002552297139
303,0.2821595585,0.4130168068,0.002549495011
304,0.2819931983,0.4126542136,0.00254668569
305,0.2816146384,0.4127869267,0.002543869195
306,0.2812341288,0.411751902,0.002541045545
307,0.2809673042,0.4110833056,0.002538214761
308,0.2801638268,0.4105584604,0.00253537686
309,0.2800795107,0.4106352841,0.002532531864
310,0.2797566184,0.4106408767,0.00252967979
311,0.2796458847,0.4103567611,0.002526820659
312,0.2791214818,0.40988267,0.00252395449
313,0.2786818895,0.4093712544,0.002521081303
314,0.2786902598,0.4095881782,0.002518201118
315,0.2786836944,0.4099004291,0.002515313955
316,0.2787766375,0.4098507673,0.002512419832
317,0.278575224,0.4098501693,0.00250951877
318,0.278468364,0.4094264914,0.00250661079
319,0.2781034117,0.4086069224,0.00250369591
320,0.2781151087,0.4095579095,0.00250077415
321,0.278395403,0.4103962552,0.002497845532
322,0.278278402,0.4092462019,0.002494910074
323,0.278253687,0.4098980617,0.002491967798
324,0.278267435,0.4090477809,0.002489018723
325,0.2779181066,0.4096311281,0.002486062869
326,0.2780379568,0.4089103638,0.002483100256
327,0.2775587619,0.4085411674,0.002480130906
328,0.2773510393,0.4085957768,0.002477154838
329,0.2773881558,0.4085501342,0.002474172072
330,0.2772013276,0.4080809843,0.00247118263
331,0.2768092977,0.4085494091,0.002468186532
332,0.2768342056,0.4085335666,0.002465183797
333,0.2767036669,0.4080634634,0.002462174447
334,0.2767383417,0.4088581056,0.002459158503
335,0.2768891691,0.4082598565,0.002456135985
336,0.2765621767,0.4082229577,0.002453106913
337,0.2768999947,0.4089885635,0.002450071309
338,0.2771374212,0.4090316664,0.002447029193
339,0.2773059794,0.4086775645,0.002443980587
340,0.2771061684,0.4086044961,0.00244092551
341,0.2765810916,0.408186164,0.002437863985
342,0.2763475924,0.4082043995,0.002434796031
343,0.2766989801,0.4081027696,0.00243172167
344,0.2767074017,0.4082278411,0.002428640924
345,0.276398042,0.4084859638,0.002425553813
346,0.2762284581,0.4078175124,0.002422460358
347,0.2761781229,0.4077499901,0.00241936058
348,0.2758740467,0.4075572215,0.002416254502
349,0.2757941191,0.4076250892,0.002413142144
350,0.275711294,0.4071018282,0.002410023527
351,0.2752490615,0.407309046,0.002406898672
352,0.275115325,0.4069941679,0.002403767602
353,0.2751209197,0.4070160902,0.002400630338
354,0.2753867552,0.4072641127,0.002397486901
355,0.2755026268,0.4075223362,0.002394337312
356,0.2756259877,0.4076566972,0.002391181594
357,0.2756758519,0.4071508846,0.002388019768
358,0.2753856934,0.4078337786,0.002384851856
359,0.2752146301,0.4074512902,0.002381677878
360,0.2751423728,0.4070433608,0.002378497858
361,0.2749696292,0.406970236,0.002375311817
362,0.2751841127,0.4075593105,0.002372119776
363,0.2753887871,0.4076166209,0.002368921759
364,0.2753729257,0.407225486,0.002365717785
365,0.2750522363,0.4070706265,0.002362507878
366,0.2749326646,0.4076771981,0.00235929206
367,0.2752870934,0.4070957435,0.002356070352
368,0.2752703464,0.40709894,0.002352842776
369,0.275277233,0.4074555848,0.002349609355
370,0.2752680652,0.4071116965,0.002346370112
371,0.275287842,0.4073538491,0.002343125067
372,0.2752023116,0.4071069725,0.002339874243
373,0.275374052,0.4071618193,0.002336617663
374,0.2753763784,0.4077711709,0.00233335535
375,0.275581009,0.407535191,0.002330087324
376,0.2755742752,0.4082351837,0.002326813609
377,0.2756381923,0.40807243,0.002323534227
378,0.2755259989,0.4072958597,0.002320249201
379,0.275020666,0.4068044454,0.002316958553
380,0.2748647308,0.4068857729,0.002313662305
381,0.2749738766,0.4070459308,0.002310360481
382,0.2749718866,0.4073152172,0.002307053102
383,0.2751452148,0.407358387,0.002303740192
384,0.2752847014,0.4076647096,0.002300421774
385,0.2754231819,0.4072298162,0.002297097869
386,0.2753580289,0.4074270984,0.002293768501
387,0.2751988852,0.40705153,0.002290433693
388,0.2748516376,0.4071172016,0.002287093467
389,0.2750098416,0.4072581791,0.002283747847
390,0.2749051985,0.4069916146,0.002280396855
391,0.2747018281,0.4066959409,0.002277040514
392,0.2744633484,0.4066877185,0.002273678847
393,0.2745245116,0.4071752954,0.002270311878
394,0.274670498,0.4070318117,0.002266939629
395,0.274797377,0.4070247602,0.002263562124
396,0.2746523612,0.4066043206,0.002260179385
397,0.2744008707,0.406856233,0.002256791436
398,0.2744858177,0.4063652552,0.0022533983
399,0.2741500706,0.4066248286,0.00225
400,0.2742141772,0.4070090797,0.00224659656
401,0.2744065029,0.4067444942,0.002243188003
402,0.2745190047,0.4069864992,0.002239774352
403,0.2742025356,0.4068325478,0.00223635563
404,0.2740507498,0.406378228,0.002232931862
405,0.2740587826,0.4064021895,0.002229503071
406,0.2740197319,0.4062305947,0.002226069279
407,0.2740033741,0.4059030223,0.002222630511
408,0.2736301967,0.4059696119,0.00221918679
409,0.2734331516,0.405784433,0.00221573814
410,0.2732054003,0.4053629681,0.002212284585
411,0.2730063293,0.405515353,0.002208826147
412,0.2727467814,0.4052543694,0.002205362852
413,0.2727288843,0.4055341596,0.002201894721
414,0.2726117225,0.4052029982,0.00219842178
415,0.2727108722,0.4054146721,0.002194944053
416,0.2728135356,0.4050403874,0.002191461562
417,0.2726655308,0.4052250136,0.002187974332
418,0.2725618838,0.4049784731,0.002184482386
419,0.2724026686,0.4047792167,0.00218098575
420,0.2724420862,0.4052272413,0.002177484445
421,0.2724913013,0.4049155308,0.002173978498
422,0.2726295985,0.4052797458,0.002170467931
423,0.2726403599,0.4052839354,0.002166952769
424,0.272462914,0.4052128005,0.002163433035
425,0.2724333473,0.4055214338,0.002159908755
426,0.2727235508,0.4055522,0.002156379951
427,0.2722987554,0.4051967134,0.002152846649
428,0.27217436,0.405172222,0.002149308872
429,0.2722016024,0.4049569641,0.002145766645
430,0.2722542079,0.4053531062,0.002142219992
431,0.2722402166,0.4050122954,0.002138668937
432,0.2722459694,0.4050352903,0.002135113505
433,0.2721139344,0.4048090576,0.00213155372
434,0.2719534183,0.4047299005,0.002127989606
435,0.2719323644,0.4045450893,0.002124421188
436,0.2719163648,0.4051902609,0.002120848491
437,0.2720296227,0.4044607051,0.002117271538
438,0.2719392774,0.4048118647,0.002113690354
439,0.2717537182,0.4048190296,0.002110104965
440,0.2717137635,0.4047152117,0.002106515393
441,0.2716283228,0.4047072832,0.002102921665
442,0.2716868739,0.4047086351,0.002099323804
443,0.2718361446,0.4049521278,0.002095721836
444,0.27182848,0.4046995302,0.002092115785
445,0.2718373657,0.4050860981,0.002088505675
446,0.2721938508,0.4047289036,0.002084891532
447,0.27188957,0.4047777347,0.00208127338
448,0.2720182557,0.404882175,0.002077651244
449,0.2720483407,0.4051163058,0.002074025149
450,0.2721085757,0.4052478644,0.002070395119
451,0.2720447024,0.4048774332,0.00206676118
452,0.2719514482,0.4049266819,0.002063123357
453,0.2719167206,0.4054056969,0.002059481674
454,0.2720001635,0.4047308668,0.002055836156
455,0.2718086598,0.4046726432,0.002052186829
456,0.2717310677,0.4051239777,0.002048533717
457,0.2719600564,0.4047794492,0.002044876846
458,0.2719994638,0.405045574,0.00204121624
459,0.2719389784,0.4046808122,0.002037551924
460,0.2718773871,0.404739602,0.002033883925
461,0.271769771,0.4045983145,0.002030212266
462,0.2716612356,0.4047882418,0.002026536973
463,0.2718821006,0.4050444427,0.002022858071
464,0.2719043751,0.4051728308,0.002019175586
465,0.2719651157,0.4048439529,0.002015489542
466,0.2716466668,0.4046268795,0.002011799965
467,0.2715498502,0.4047365412,0.00200810688
468,0.2716571068,0.4047700422,0.002004410313
469,0.2715242825,0.4048000367,0.002000710289
470,0.2714510058,0.4042869737,0.001997006833
471,0.2712035024,0.4041164689,0.00199329997
472,0.2711239732,0.4046073921,0.001989589726
473,0.2712153128,0.4046121697,0.001985876127
474,0.2714733923,0.4048872705,0.001982159198
475,0.2714340967,0.404531718,0.001978438964
476,0.2713044453,0.4046447227,0.001974715451
477,0.2711308783,0.4043213957,0.001970988684
478,0.2709817687,0.4040427759,0.001967258689
479,0.2708926438,0.4042133792,0.001963525492
480,0.2708042429,0.4040005615,0.001959789117
481,0.2708683752,0.404016813,0.001956049591
482,0.2707216849,0.4038809508,0.00195230694
483,0.2708020303,0.4042594792,0.001948561188
484,0.2708151898,0.4041185583,0.001944812362
485,0.271006457,0.4043941473,0.001941060488
486,0.2708142434,0.4038654632,0.00193730559
487,0.2705697721,0.4036134496,0.001933547695
488,0.2705595263,0.4036445783,0.001929786829
489,0.270595475,0.4037921502,0.001926023017
490,0.2705873878,0.4041494486,0.001922256285
491,0.2706464103,0.403950933,0.001918486659
492,0.2703428393,0.4034356991,0.001914714165
493,0.2701402343,0.4035529835,0.001910938828
494,0.2702827382,0.4035389892,0.001907160675
495,0.2703334073,0.4036502644,0.001903379731
496,0.2700860929,0.4034780189,0.001899596022
497,0.2700291862,0.4033235283,0.001895809575
498,0.2699904198,0.4035187428,0.001892020415
499,0.2701332615,0.4035917784,0.001888228568
500,0.2703030077,0.4036152681,0.00188443406
501,0.2702036259,0.4034973174,0.001880636917
502,0.270013736,0.4033938005,0.001876837165
503,0.2699115978,0.4037164596,0.001873034831
504,0.270090633,0.4035397758,0.00186922994
505,0.2699465676,0.4033531033,0.001865422518
506,0.2697342114,0.4031561316,0.001861612591
507,0.2697151066,0.4031514625,0.001857800186
508,0.2696178157,0.4035494885,0.001853985329
509,0.2697610763,0.4034288833,0.001850168046
510,0.2697477314,0.4031609,0.001846348362
511,0.2697469334,0.4031555151,0.001842526305
512,0.2695336407,0.4030218035,0.0018387019
513,0.2695685377,0.4032065373,0.001834875174
514,0.2694781364,0.4029181714,0.001831046153
515,0.2693773663,0.4030691168,0.001827214862
516,0.2694263426,0.4033726943,0.001823381329
517,0.2696088594,0.4032650146,0.001819545579
518,0.2694170924,0.4031007888,0.00181570764
519,0.2693979738,0.4028446245,0.001811867536
520,0.2690802069,0.4024839772,0.001808025295
521,0.2690674089,0.4029708755,0.001804180943
522,0.2690857141,0.4027429236,0.001800334506
523,0.269094624,0.4027092337,0.001796486011
524,0.2689886548,0.4027085377,0.001792635483
525,0.2688561707,0.4023779145,0.00178878295
526,0.2688230451,0.4024971492,0.001784928437
527,0.2689008711,0.4026883793,0.001781071972
528,0.2688664177,0.4024037944,0.00177721358
529,0.2688943546,0.4025475226,0.001773353288
530,0.268904202,0.4028078438,0.001769491123
531,0.268909616,0.4026103736,0.00176562711
532,0.2688806763,0.4027095306,0.001761761277
533,0.2688971393,0.4028116454,0.00175789365
534,0.2689102945,0.4026411998,0.001754024256
535,0.2688709407,0.4025814954,0.00175015312
536,0.2686930376,0.4023823057,0.00174628027
537,0.2684828898,0.4022678094,0.001742405732
538,0.2684159307,0.4019564564,0.001738529532
539,0.2683148325,0.4021245301,0.001734651698
540,0.2683394298,0.4021369266,0.001730772255
541,0.2682241456,0.4019269716,0.00172689123
542,0.2681675158,0.4020291431,0.001723008651
543,0.268170296,0.4021329701,0.001719124543
544,0.2681007236,0.4020291452,0.001715238933
545,0.2679639601,0.4017161367,0.001711351848
546,0.2678344683,0.4017767847,0.001707463314
547,0.2678025607,0.401813366,0.001703573359
548,0.2677703074,0.4017009671,0.001699682008
549,0.2677550796,0.4016933362,0.001695789288
550,0.2677858429,0.4018448344,0.001691895227
551,0.2677594202,0.4017741282,0.00168799985
552,0.2677003497,0.4019888454,0.001684103185
553,0.2677491893,0.4017675592,0.001680205258
554,0.2678375845,0.4018868426,0.001676306096
555,0.2678001952,0.4018066466,0.001672405726
556,0.267834187,0.401870423,0.001668504174
557,0.2677874735,0.4020440833,0.001664601467
558,0.2679878152,0.4020608137,0.001660697631
559,0.2680220497,0.402089781,0.001656792695
560,0.2680387797,0.4022681804,0.001652886684
561,0.2680709832,0.4021303261,0.001648979625
562,0.2678661865,0.4018901904,0.001645071544
563,0.2678673998,0.4019229124,0.00164116247
564,0.2677683245,0.4016967676,0.001637252428
565,0.2676972944,0.4017082332,0.001633341445
566,0.2676580856,0.4019349549,0.001629429549
567,0.267681856,0.4017026325,0.001625516765
568,0.2675634188,0.4016347519,0.001621603121
569,0.2675325571,0.4016431535,0.001617688644
570,0.2674466231,0.4014948978,0.00161377336
571,0.2673399241,0.4013929671,0.001609857296
572,0.2673813151,0.4016348565,0.001605940479
573,0.2673861206,0.401661212,0.001602022936
574,0.2674560202,0.4015529423,0.001598104694
575,0.267400179,0.4014891084,0.001594185779
576,0.267342444,0.4016339179,0.001590266219
577,0.2673515271,0.4017114637,0.00158634604
578,0.2672850677,0.4015177128,0.00158242527
579,0.2672315763,0.4013948122,0.001578503934
580,0.2671067465,0.4014063592,0.001574582061
581,0.2670640507,0.4012719192,0.001570659676
582,0.2670444897,0.4012112044,0.001566736807
583,0.2669792966,0.4012677967,0.001562813481
584,0.2670105157,0.4012844806,0.001558889724
585,0.2670052309,0.4014471529,0.001554965563
586,0.266991913,0.4012080853,0.001551041026
587,0.2669477173,0.4011706445,0.001547116139
588,0.2668468678,0.4011134975,0.001543190929
589,0.2668102956,0.4012270988,0.001539265422
590,0.2668280251,0.4011401894,0.001535339647
591,0.2668071242,0.4011436764,0.00153141363
592,0.2668447762,0.4011635886,0.001527487397
593,0.2667675637,0.4008977681,0.001523560976
594,0.2665145405,0.4007556641,0.001519634393
595,0.2663497033,0.4004234444,0.001515707676
596,0.2660892387,0.4003637221,0.001511780851
597,0.2660035769,0.4001983966,0.001507853946
598,0.2658201234,0.4004011074,0.001503926986
599,0.2657710776,0.4002190151,0.0015
600,0.2656813954,0.4001284343,0.001496073014
601,0.265724862,0.4002272382,0.001492146054
602,0.2657764501,0.4004445583,0.001488219149
603,0.2658140629,0.4003028775,0.001484292324
604,0.2658096535,0.4002001941,0.001480365607
605,0.2657830322,0.4002871084,0.001476439024
606,0.2658072589,0.4003343566,0.001472512603
607,0.2657809844,0.40038277,0.00146858637
608,0.265714838,0.4002576852,0.001464660353
609,0.2657007215,0.4000692845,0.001460734578
610,0.2655735026,0.4000469132,0.001456809071
611,0.2654686453,0.4000369561,0.001452883861
612,0.2654804778,0.3998707769,0.001448958974
613,0.2654153972,0.3998427715,0.001445034437
614,0.2653907637,0.3999032852,0.001441110276
615,0.265339841,0.3998151562,0.001437186519
616,0.265215791,0.399843636,0.001433263193
617,0.2652506556,0.3999228745,0.001429340324
618,0.2652647541,0.3997918784,0.001425417939
619,0.2652481904,0.3998721158,0.001421496066
620,0.265233158,0.3999403926,0.00141757473
621,0.2652288404,0.3997429729,0.00141365396
622,0.2651603498,0.3997970949,0.001409733781
623,0.2651813641,0.399693192,0.001405814221
624,0.2651269788,0.3997364898,0.001401895306
625,0.2651886126,0.400001695,0.001397977064
626,0.2651906409,0.3998714527,0.001394059521
627,0.2651964083,0.3998654772,0.001390142704
628,0.2652029372,0.3998594188,0.00138622664
629,0.2652844858,0.3999228151,0.001382311356
630,0.2653307576,0.4000288458,0.001378396879
631,0.2653214145,0.3999612452,0.001374483235
632,0.2652456199,0.3999405243,0.001370570451
633,0.2652113207,0.399778706,0.001366658555
634,0.2651311042,0.3997876432,0.001362747572
635,0.2651232941,0.3997174031,0.00135883753
636,0.2651935415,0.3996441349,0.001354928456
637,0.265108189,0.399683711,0.001351020375
638,0.2650853975,0.3997281513,0.001347113316
639,0.2650657378,0.3996479456,0.001343207305
640,0.2650059131,0.3998486327,0.001339302369
641,0.2651339636,0.3997724421,0.001335398533
642,0.2650246962,0.3996308544,0.001331495826
643,0.2649526756,0.3995609329,0.001327594274
644,0.2649087811,0.3996367501,0.001323693904
645,0.2649540228,0.3996277192,0.001319794742
646,0.2649084152,0.3995953073,0.001315896815
647,0.2648220526,0.3995304633,0.00131200015
648,0.2648115252,0.3995375855,0.001308104773
649,0.2648433278,0.399515165,0.001304210712
650,0.2648090138,0.3994866209,0.001300317992
651,0.264780081,0.3995518406,0.001296426641
652,0.2647865059,0.3993228087,0.001292536686
653,0.2646236821,0.3992043297,0.001288648152
654,0.2644920939,0.3991301491,0.001284761067
655,0.2643053191,0.3988175821,0.001280875457
656,0.2640269704,0.3985969698,0.001276991349
657,0.2638738898,0.3984693791,0.00127310877
658,0.2636801661,0.3983358011,0.001269227745
659,0.2636754106,0.3982685932,0.001265348302
660,0.2636318094,0.3983220996,0.001261470468
661,0.2635610947,0.3981826463,0.001257594268
662,0.2635668003,0.3983205115,0.00125371973
663,0.2635537224,0.3983344122,0.00124984688
664,0.2635684728,0.3982817597,0.001245975744
665,0.2635262642,0.3981374676,0.00124210635
666,0.2634877496,0.3981584139,0.001238238723
667,0.2633980369,0.3981568747,0.00123437289
668,0.2632891568,0.3981437687,0.001230508877
669,0.2632865275,0.3981506896,0.001226646712
670,0.2633018917,0.3980140064,0.00122278642
671,0.2632616165,0.3979876585,0.001218928028
672,0.2632674714,0.3979852554,0.001215071563
673,0.2632218745,0.3979848343,0.00121121705
674,0.263164028,0.3979163874,0.001207364517
675,0.2631437994,0.3979585723,0.001203513989
676,0.2631606902,0.3979780893,0.001199665494
677,0.2631560352,0.3980533188,0.001195819057
678,0.2630922698,0.3979433615,0.001191974705
679,0.2630732887,0.397926994,0.001188132464
680,0.2630792405,0.3978553466,0.00118429236
681,0.2630824269,0.3979096047,0.001180454421
682,0.2630255904,0.3980492811,0.001176618671
683,0.2631057385,0.3981114696,0.001172785138
684,0.2631294726,0.3980621598,0.001168953847
685,0.2630911329,0.3979579323,0.001165124826
686,0.2630363606,0.397901193,0.0011612981
687,0.2630122,0.3978776416,0.001157473695
688,0.2630035296,0.3979205272,0.001153651638
689,0.2630063821,0.3980779366,0.001149831954
690,0.2630136489,0.3979652079,0.001146014671
691,0.2629850913,0.397928242,0.001142199814
692,0.2629180965,0.3979194087,0.001138387409
693,0.2628959496,0.3978907766,0.001134577482
694,0.2628942406,0.3978476839,0.00113077006
695,0.2628596071,0.3977868656,0.001126965169
696,0.2628504253,0.3977192477,0.001123162835
697,0.2628038659,0.3977897286,0.001119363083
698,0.262759162,0.3978118791,0.00111556594
699,0.2627458509,0.397780824,0.001111771432
700,0.2627057141,0.3977735156,0.001107979585
701,0.262680136,0.3978005236,0.001104190425
702,0.2626808135,0.3977820915,0.001100403978
703,0.2626352337,0.3977493947,0.001096620269
704,0.2626737366,0.3978115776,0.001092839325
705,0.2627161576,0.3976757377,0.001089061172
706,0.2626477959,0.3978740969,0.001085285835
707,0.2626844912,0.3977964472,0.001081513341
708,0.2627091569,0.3978368019,0.001077743715
709,0.2626852139,0.3977048784,0.001073976983
710,0.262645492,0.3977973442,0.001070213171
711,0.2626176655,0.3977371616,0.001066452305
712,0.2625646172,0.3977590834,0.00106269441
713,0.2625313985,0.3977909808,0.001058939512
714,0.2625289762,0.3977175999,0.001055187638
715,0.2625063605,0.3976463796,0.001051438812
716,0.2624805971,0.39767878,0.00104769306
717,0.262441007,0.3976220114,0.001043950409
718,0.2624264072,0.3976065087,0.001040210883
719,0.2623817133,0.3975926528,0.001036474508
720,0.2623851832,0.3975361695,0.001032741311
721,0.2623461797,0.3974904111,0.001029011316
722,0.26233668,0.3975647919,0.001025284549
723,0.2623517905,0.3976133456,0.001021561036
724,0.26233905,0.397634228,0.001017840802
725,0.2623130794,0.397707631,0.001014123873
726,0.2623293977,0.3976025029,0.001010410274
727,0.2623047022,0.3976148646,0.00100670003
728,0.2622912857,0.3975657694,0.001002993167
729,0.2622353162,0.3975687634,0.0009992897111
730,0.2622455976,0.3975834076,0.0009955896868
731,0.2622520565,0.3975669017,0.0009918931196
732,0.2622032874,0.3974679901,0.000988200035
733,0.2621787708,0.3974713103,0.0009845104581
734,0.2621563674,0.3974916799,0.0009808244144
735,0.262154857,0.3974308532,0.000977141929
736,0.2621099741,0.3974676147,0.0009734630273
737,0.2620825124,0.3974835948,0.0009697877343
738,0.262091972,0.3975032196,0.0009661160754
739,0.2620782418,0.3974245357,0.0009624480757
740,0.2620692897,0.3974431112,0.0009587837603
741,0.2620234299,0.3974603175,0.0009551231543
742,0.2620124401,0.3974739626,0.0009514662828
743,0.2620149167,0.3973912373,0.000947813171
744,0.2619716957,0.3973658722,0.0009441638437
745,0.2619637801,0.3973967752,0.0009405183261
746,0.2619790002,0.397434062,0.0009368766432
747,0.2619677474,0.3974121743,0.0009332388198
748,0.2619488944,0.3973411696,0.0009296048809
749,0.2619132726,0.3973825982,0.0009259748515
750,0.2619140174,0.3973787975,0.0009223487563
751,0.2619309687,0.3974287558,0.0009187266203
752,0.2619279562,0.3973859416,0.0009151084683
753,0.2619091249,0.3973658643,0.0009114943251
754,0.261905192,0.3974170933,0.0009078842154
755,0.2618997377,0.3973895664,0.000904278164
756,0.2618836341,0.3973813346,0.0009006761957
757,0.2618588796,0.397356585,0.000897078335
758,0.2618520176,0.3973846271,0.0008934846067
759,0.2618429633,0.3973642863,0.0008898950354
760,0.2617935299,0.3973562833,0.0008863096457
761,0.2617970168,0.3973714938,0.0008827284621
762,0.2617937936,0.3974218041,0.0008791515092
763,0.2617897149,0.3973692924,0.0008755788116
764,0.2617717466,0.397344618,0.0008720103937
765,0.261770638,0.3973322752,0.0008684462799
766,0.2617403791,0.3973190004,0.0008648864948
767,0.2617420591,0.3973344255,0.0008613310627
768,0.261721714,0.3973639156,0.0008577800079
769,0.261713689,0.3973755082,0.0008542333548
770,0.2617224239,0.3973672474,0.0008506911277
771,0.2617085531,0.3973653479,0.0008471533509
772,0.2617214799,0.397328164,0.0008436200487
773,0.2617150339,0.3973619265,0.0008400912452
774,0.2617175516,0.3973394238,0.0008365669647
775,0.2617067741,0.3973073325,0.0008330472312
776,0.2616846864,0.3973336946,0.000829532069
777,0.2616532828,0.3972963532,0.0008260215021
778,0.2616657993,0.3972910676,0.0008225155545
779,0.2616717304,0.3973447569,0.0008190142504
780,0.2616536401,0.3973189603,0.0008155176136
781,0.261646786,0.3972948641,0.0008120256683
782,0.2616255458,0.3973118085,0.0008085384382
783,0.2616404846,0.3973339594,0.0008050559473
784,0.2616271463,0.3973549587,0.0008015782195
785,0.2616221511,0.3973289702,0.0007981052786
786,0.261600143,0.3972966379,0.0007946371484
787,0.2616002174,0.3973552598,0.0007911738527
788,0.2615940753,0.3972798102,0.0007877154152
789,0.2616014886,0.3972573947,0.0007842618596
790,0.261582653,0.3972714557,0.0007808132096
791,0.2615710712,0.3973541105,0.0007773694888
792,0.2615650592,0.3972850263,0.0007739307209
793,0.2615441635,0.3972483527,0.0007704969294
794,0.2615300785,0.3972361192,0.0007670681378
795,0.2615206173,0.3972886862,0.0007636443696
796,0.2615078966,0.3973123131,0.0007602256483
797,0.2614857131,0.3972945495,0.0007568119974
798,0.2614992988,0.397312678,0.0007534034401
799,0.2614641622,0.3972745358,0.00075
800,0.2614764471,0.3972695165,0.0007466017003
801,0.261461754,0.3972495311,0.0007432085643
802,0.2614663667,0.397230033,0.0007398206152
803,0.2614560279,0.3972298303,0.0007364378764
804,0.2614508951,0.3972452118,0.0007330603709
805,0.2614314423,0.3972067237,0.0007296881219
806,0.2614265808,0.3973011554,0.0007263211526
807,0.2614367686,0.3972428051,0.0007229594859
808,0.2614391893,0.3972583331,0.0007196031451
809,0.2614124953,0.3972630752,0.0007162521529
810,0.2613970849,0.3972750945,0.0007129065325
811,0.2613895744,0.3972789486,0.0007095663068
812,0.2613728635,0.3972515963,0.0007062314985
813,0.2613894199,0.3972382881,0.0007029021307
814,0.2613799663,0.3972287198,0.0006995782261
815,0.2613777416,0.3972462587,0.0006962598075
816,0.2613754596,0.3972516966,0.0006929468977
817,0.2613583084,0.3972501414,0.0006896395193
818,0.2613690955,0.3972346176,0.000686337695
819,0.2613666507,0.3972633706,0.0006830414475
820,0.2613628115,0.397280987,0.0006797507993
821,0.2613431293,0.3972677974,0.000676465773
822,0.2613301254,0.3972712412,0.0006731863911
823,0.2613346467,0.3972926128,0.0006699126761
824,0.2613036274,0.3972851929,0.0006666446505
825,0.2612994171,0.3972435656,0.0006633823365
826,0.2612927331,0.3972359098,0.0006601257567
827,0.2612845224,0.3972336382,0.0006568749332
828,0.261301463,0.3972230736,0.0006536298885
829,0.2612786127,0.397234871,0.0006503906446
830,0.2612793315,0.3972086668,0.0006471572239
831,0.2612814391,0.3972843746,0.0006439296485
832,0.2612585153,0.3972590571,0.0006407079405
833,0.2612627238,0.3972472612,0.0006374921219
834,0.2612466055,0.3972522705,0.0006342822149
835,0.2612471722,0.3972466656,0.0006310782415
836,0.2612508776,0.3972316284,0.0006278802235
837,0.2612317633,0.3971933301,0.000624688183
838,0.2612311045,0.397211167,0.0006215021417
839,0.2612092689,0.3971901298,0.0006183221216
840,0.2612166601,0.3971941793,0.0006151481443
841,0.2612179757,0.3972390385,0.0006119802318
842,0.261210993,0.3972444585,0.0006088184056
843,0.2611960899,0.3973133879,0.0006056626876
844,0.2611782645,0.3972351415,0.0006025130991
845,0.2611952061,0.397244919,0.000599369662
846,0.2611968739,0.3972082559,0.0005962323977
847,0.2611852074,0.3971913608,0.0005931013277
848,0.2611643634,0.3972000049,0.0005899764735
849,0.2611527616,0.3972034961,0.0005868578565
850,0.2611572919,0.3972319131,0.0005837454981
851,0.2611480435,0.3972398992,0.0005806394195
852,0.261141125,0.397212649,0.0005775396422
853,0.2611415885,0.3972244452,0.0005744461873
854,0.2611342132,0.3971770069,0.000571359076
855,0.2611287833,0.3972069503,0.0005682783296
856,0.2611161614,0.3972154246,0.000565203969
857,0.2611268782,0.3972240984,0.0005621360155
858,0.2611106121,0.3972262396,0.00055907449
859,0.2611099387,0.3971943732,0.0005560194134
860,0.2611193654,0.3971841216,0.0005529708068
861,0.2610953013,0.3972289273,0.0005499286911
862,0.2611034437,0.3972060659,0.000546893087
863,0.2610880697,0.3972169046,0.0005438640154
864,0.2610868929,0.3972134155,0.000540841497
865,0.2610715153,0.3972168023,0.0005378255526
866,0.2610703068,0.3971952567,0.0005348162029
867,0.2610648327,0.3971948129,0.0005318134684
868,0.2610534895,0.3972242519,0.0005288173698
869,0.2610625001,0.3972341983,0.0005258279275
870,0.2610528384,0.3972200663,0.0005228451621
871,0.2610568302,0.3972533347,0.000519869094
872,0.2610493975,0.397221889,0.0005168997436
873,0.2610409128,0.3972470125,0.0005139371313
874,0.2610330244,0.3972504276,0.0005109812773
875,0.2610210413,0.3972418165,0.000508032202
876,0.2610287333,0.3972279458,0.0005050899255
877,0.2610109924,0.3972123987,0.000502154468
878,0.2610191517,0.3972282694,0.0004992258496
879,0.2610194943,0.3972177017,0.0004963040905
880,0.2610016607,0.3972101822,0.0004933892105
881,0.2610084672,0.3972273296,0.0004904812297
882,0.2610001917,0.3972026516,0.0004875801681
883,0.2609957454,0.3972196842,0.0004846860455
884,0.2609925611,0.3972044688,0.0004817988817
885,0.2609823388,0.3972087078,0.0004789186966
886,0.260974877,0.3972089515,0.0004760455098
887,0.2609761564,0.397183956,0.0004731793411
888,0.2609706326,0.3971964312,0.0004703202101
889,0.260967823,0.3972246952,0.0004674681365
890,0.2609508748,0.3972455977,0.0004646231396
891,0.2609555784,0.3972363394,0.0004617852392
892,0.2609481013,0.397233172,0.0004589544545
893,0.2609436447,0.3972216846,0.0004561308051
894,0.2609519175,0.3972119316,0.0004533143102
895,0.2609578433,0.3971902024,0.0004505049892
896,0.2609346841,0.3971818432,0.0004477028613
897,0.2609312737,0.3972102226,0.0004449079458
898,0.2609234593,0.3972224014,0.0004421202617
899,0.260922967,0.3971949843,0.0004393398282
900,0.2609215562,0.397230228,0.0004365666644
901,0.2609121566,0.3972239549,0.0004338007892
902,0.2609090422,0.397232213,0.0004310422216
903,0.2609113962,0.3972382721,0.0004282909806
904,0.26090457,0.3972256614,0.0004255470849
905,0.2608995155,0.3972027614,0.0004228105534
906,0.2608910307,0.3972457351,0.0004200814048
907,0.2608980518,0.3972186717,0.0004173596579
908,0.260877256,0.3972246047,0.0004146453312
909,0.2608793697,0.397215994,0.0004119384435
910,0.2608675233,0.3971905098,0.0004092390132
911,0.260866245,0.3971997193,0.0004065470589
912,0.2608673761,0.3972043115,0.0004038625989
913,0.2608548618,0.397190021,0.0004011856518
914,0.2608639326,0.3972213101,0.0003985162358
915,0.2608567358,0.3971999592,0.0003958543693
916,0.2608453065,0.3972183398,0.0003932000705
917,0.2608497699,0.3972243537,0.0003905533575
918,0.2608446769,0.3972291572,0.0003879142486
919,0.2608367838,0.3972161907,0.0003852827618
920,0.2608381244,0.3972025037,0.0003826589151
921,0.2608346282,0.3972163567,0.0003800427266
922,0.2608133849,0.3972183545,0.0003774342141
923,0.2608157998,0.3972168462,0.0003748333956
924,0.2608229838,0.3972366766,0.0003722402888
925,0.260820201,0.397224357,0.0003696549115
926,0.2608140027,0.3972202204,0.0003670772816
927,0.2608074534,0.3972207697,0.0003645074165
928,0.2608040014,0.3972360203,0.000361945334
929,0.2608016796,0.3971986054,0.0003593910516
930,0.2607933355,0.397185057,0.0003568445868
931,0.2607968719,0.3971850289,0.000354305957
932,0.2607857082,0.3972086682,0.0003517751798
933,0.2607845491,0.3972220163,0.0003492522723
934,0.2607851327,0.3972325901,0.0003467372519
935,0.2607834087,0.3972400488,0.0003442301358
936,0.2607787554,0.3972363148,0.0003417309413
937,0.2607767085,0.3972379027,0.0003392396854
938,0.2607715446,0.3972054429,0.0003367563852
939,0.2607667933,0.3972119543,0.0003342810578
940,0.2607545113,0.3972210944,0.0003318137201
941,0.2607563764,0.3972258677,0.000329354389
942,0.2607517858,0.3972117452,0.0003269030814
943,0.2607463477,0.3972331593,0.000324459814
944,0.2607477132,0.3972088349,0.0003220246037
945,0.2607434264,0.3972194216,0.0003195974671
946,0.2607324063,0.3972076934,0.0003171784208
947,0.2607306272,0.3972167783,0.0003147674814
948,0.2607362918,0.3972336211,0.0003123646655
949,0.2607271428,0.3972245754,0.0003099699896
950,0.2607267146,0.3972264154,0.0003075834699
951,0.260721399,0.3972237667,0.000305205123
952,0.2607221063,0.397202991,0.000302834965
953,0.2607125461,0.3972188889,0.0003004730123
954,0.2607147959,0.3972320614,0.000298119281
955,0.2607141485,0.3972296983,0.0002957737872
956,0.2607037607,0.3972235492,0.0002934365471
957,0.2606964603,0.3972178177,0.0002911075766
958,0.2606998871,0.3972381966,0.0002887868918
959,0.2606896869,0.3972220622,0.0002864745084
960,0.2606927644,0.3972186787,0.0002841704425
961,0.2606823685,0.397218069,0.0002818747097
962,0.2606827701,0.3971998363,0.0002795873257
963,0.2606737602,0.3972044474,0.0002773083064
964,0.260679719,0.3972161232,0.0002750376673
965,0.2606725334,0.3972276363,0.0002727754239
966,0.2606737997,0.3972307965,0.0002705215917
967,0.2606699042,0.3972164803,0.0002682761863
968,0.2606633905,0.39723569,0.000266039223
969,0.2606589802,0.3972388305,0.0002638107171
970,0.2606606776,0.397252779,0.0002615906839
971,0.260656795,0.3972317593,0.0002593791386
972,0.2606465526,0.3972349734,0.0002571760964
973,0.2606526271,0.397233518,0.0002549815724
974,0.2606477089,0.3972315363,0.0002527955815
975,0.2606463933,0.397245566,0.0002506181389
976,0.2606372046,0.3972455601,0.0002484492594
977,0.2606336231,0.3972262503,0.0002462889579
978,0.2606335917,0.3972252165,0.0002441372492
979,0.2606283504,0.3972222803,0.0002419941481
980,0.2606252007,0.3972395778,0.0002398596692
981,0.2606180231,0.3972517153,0.0002377338271
982,0.260622127,0.3972571458,0.0002356166364
983,0.2606173799,0.3972404979,0.0002335081117
984,0.2606156689,0.3972312159,0.0002314082674
985,0.2606125141,0.3972475934,0.0002293171179
986,0.2606069453,0.3972231956,0.0002272346775
987,0.2606063787,0.397228825,0.0002251609605
988,0.2606022966,0.3972540817,0.0002230959811
989,0.2606070048,0.3972403339,0.0002210397535
990,0.2605973813,0.3972337492,0.0002189922917
991,0.2605945846,0.397218975,0.0002169536098
992,0.26059528,0.3972198926,0.0002149237217
993,0.2605870685,0.3972193198,0.0002129026414
994,0.2605882125,0.3972164505,0.0002108903827
995,0.2605829763,0.3972291836,0.0002088869595
996,0.2605772894,0.3972376687,0.0002068923854
997,0.2605811824,0.3972204368,0.0002049066741
998,0.2605729425,0.3972290547,0.0002029298392
999,0.2605761191,0.3972226057,0.0002009618943
1000,0.2605687118,0.3972341479,0.0001990028529
1001,0.2605688067,0.3972435264,0.0001970527283
1002,0.2605670268,0.3972378884,0.0001951115341
1003,0.2605560687,0.3972385301,0.0001931792833
1004,0.2605565883,0.397240064,0.0001912559894
1005,0.2605593761,0.3972353215,0.0001893416654
1006,0.2605529334,0.3972342773,0.0001874363246
1007,0.2605500577,0.3972367448,0.0001855399799
1008,0.2605482362,0.3972461677,0.0001836526444
1009,0.2605419406,0.3972452304,0.000181774331
1010,0.2605443423,0.3972401125,0.0001799050526
1011,0.2605400923,0.3972507916,0.0001780448219
1012,0.2605341713,0.3972572831,0.0001761936518
1013,0.2605310082,0.3972307398,0.0001743515549
1014,0.2605334653,0.3972381787,0.0001725185438
1015,0.2605292282,0.397237638,0.0001706946312
1016,0.2605212701,0.3972257543,0.0001688798294
1017,0.2605262322,0.3972346716,0.000167074151
1018,0.2605203662,0.397242188,0.0001652776083
1019,0.2605196,0.39724485,0.0001634902137
1020,0.2605162125,0.3972446601,0.0001617119794
1021,0.2605130348,0.3972249843,0.0001599429175
1022,0.260511498,0.3972344798,0.0001581830402
1023,0.2605101877,0.3972473781,0.0001564323596
1024,0.2605056063,0.3972461543,0.0001546908877
1025,0.2605034729,0.3972455809,0.0001529586364
1026,0.2604982575,0.397247186,0.0001512356175
1027,0.2604967768,0.3972544908,0.0001495218429
1028,0.2604978106,0.3972437202,0.0001478173243
1029,0.2604922669,0.3972482238,0.0001461220735
1030,0.2604914079,0.3972515498,0.0001444361019
1031,0.2604888165,0.3972347749,0.0001427594213
1032,0.2604860092,0.3972393453,0.000141092043
1033,0.2604823193,0.3972423063,0.0001394339786
1034,0.260480401,0.3972449935,0.0001377852393
1035,0.2604780086,0.3972472603,0.0001361458364
1036,0.2604749509,0.3972439021,0.0001345157813
1037,0.2604754258,0.3972453091,0.000132895085
1038,0.260471112,0.3972598676,0.0001312837588
1039,0.2604677763,0.397249852,0.0001296818135
1040,0.2604652501,0.3972486693,0.0001280892603
1041,0.2604633666,0.3972489495,0.00012650611
1042,0.2604618258,0.3972463995,0.0001249323735
1043,0.2604606909,0.3972541146,0.0001233680615
1044,0.2604584139,0.3972480196,0.0001218131848
1045,0.2604562473,0.3972535444,0.000120267754
1046,0.2604542069,0.3972470297,0.0001187317798
1047,0.2604518399,0.3972453001,0.0001172052726
1048,0.2604473529,0.3972437178,0.000115688243
1049,0.2604472442,0.3972441682,0.0001141807012
1050,0.2604463221,0.3972455759,0.0001126826578
1051,0.2604435132,0.3972446497,0.0001111941228
1052,0.2604405552,0.3972445664,0.0001097151065
1053,0.260438369,0.3972527621,0.0001082456192
1054,0.26043577,0.3972494342,0.0001067856707
1055,0.2604335555,0.3972486375,0.0001053352712
1056,0.2604333565,0.3972486999,0.0001038944305
1057,0.2604311526,0.3972517774,0.0001024631586
1058,0.2604256846,0.3972528889,0.0001010414653
1059,0.260426846,0.397246815,9.962936025e-05
1060,0.260422924,0.3972544449,9.822685321e-05
1061,0.2604208664,0.3972519238,9.683395376e-05
1062,0.2604213946,0.3972550983,9.545067145e-05
1063,0.2604191749,0.3972487605,9.407701576e-05
1064,0.2604180484,0.3972589127,9.271299612e-05
1065,0.260412132,0.3972623119,9.135862186e-05
1066,0.2604105756,0.397261982,9.001390227e-05
1067,0.2604102332,0.3972633251,8.867884657e-05
1068,0.2604076193,0.3972619855,8.73534639e-05
1069,0.2604067714,0.3972520491,8.603776336e-05
1070,0.2604041813,0.3972541812,8.473175396e-05
1071,0.2604026848,0.3972478056,8.343544464e-05
1072,0.260399595,0.3972524804,8.21488443e-05
1073,0.2603997307,0.3972546201,8.087196176e-05
1074,0.2603976012,0.3972541881,7.960480576e-05
1075,0.2603973338,0.3972586035,7.834738499e-05
1076,0.2603916173,0.3972597289,7.709970806e-05
1077,0.2603923494,0.3972534474,7.586178354e-05
1078,0.26039124,0.3972509466,7.46336199e-05
1079,0.2603896241,0.3972499003,7.341522556e-05
1080,0.2603842196,0.3972531103,7.220660887e-05
1081,0.2603871879,0.3972546974,7.100777812e-05
1082,0.2603843103,0.3972510317,6.981874152e-05
1083,0.26038184,0.3972537666,6.863950723e-05
1084,0.2603788308,0.3972539016,6.747008331e-05
1085,0.26037631,0.3972550077,6.63104778e-05
1086,0.2603761255,0.3972537968,6.516069864e-05
1087,0.2603747937,0.3972538744,6.40207537e-05
1088,0.2603751118,0.3972549744,6.289065081e-05
1089,0.2603720285,0.3972519804,6.17703977e-05
1090,0.2603696703,0.3972556135,6.066000205e-05
1091,0.260367896,0.3972553556,5.955947148e-05
1092,0.2603671107,0.3972566549,5.846881353e-05
1093,0.2603662113,0.3972537898,5.738803568e-05
1094,0.2603625343,0.3972508046,5.631714532e-05
1095,0.2603620794,0.3972519625,5.52561498e-05
1096,0.2603603474,0.3972548227,5.42050564e-05
1097,0.2603608004,0.3972558766,5.316387231e-05
1098,0.2603573879,0.3972550837,5.213260468e-05
1099,0.2603557282,0.3972557706,5.111126057e-05
1100,0.2603548942,0.3972560356,5.009984697e-05
1101,0.2603530343,0.3972540102,4.909837084e-05
1102,0.2603517784,0.3972560988,4.810683902e-05
1103,0.2603503618,0.3972520905,4.712525831e-05
1104,0.2603488343,0.3972556075,4.615363544e-05
1105,0.2603483544,0.3972566834,4.519197707e-05
1106,0.2603455617,0.3972551363,4.42402898e-05
1107,0.2603459369,0.3972593543,4.329858014e-05
1108,0.2603428611,0.3972586743,4.236685454e-05
1109,0.2603428502,0.3972563923,4.14451194e-05
1110,0.2603405016,0.3972569304,4.053338104e-05
1111,0.2603390381,0.3972593324,3.963164569e-05
1112,0.260339321,0.3972587605,3.873991955e-05
1113,0.2603375095,0.3972544713,3.785820871e-05
1114,0.2603356311,0.3972569201,3.698651924e-05
1115,0.2603348726,0.3972586826,3.612485709e-05
1116,0.2603339016,0.3972570024,3.527322818e-05
1117,0.2603316544,0.3972565852,3.443163835e-05
1118,0.2603306213,0.397257565,3.360009335e-05
1119,0.2603300687,0.3972560897,3.27785989e-05
1120,0.2603283929,0.397257055,3.196716062e-05
1121,0.2603280776,0.3972568035,3.116578407e-05
1122,0.2603260846,0.3972573828,3.037447474e-05
1123,0.260325399,0.3972586332,2.959323807e-05
1124,0.2603239226,0.397256974,2.88220794e-05
1125,0.2603233669,0.3972563874,2.806100401e-05
1126,0.2603212681,0.3972551731,2.731001713e-05
1127,0.2603208757,0.397259532,2.656912391e-05
1128,0.2603199128,0.3972595561,2.583832941e-05
1129,0.2603189034,0.3972580483,2.511763865e-05
1130,0.2603171226,0.3972588616,2.440705658e-05
1131,0.2603166798,0.3972600366,2.370658805e-05
1132,0.2603161714,0.3972606121,2.301623787e-05
1133,0.2603143437,0.3972608142,2.233601077e-05
1134,0.2603136343,0.3972592262,2.166591141e-05
1135,0.260312686,0.3972606917,2.100594439e-05
1136,0.2603119047,0.3972574982,2.035611424e-05
1137,0.2603110303,0.3972598276,1.971642539e-05
1138,0.2603094277,0.3972582967,1.908688224e-05
1139,0.260309272,0.3972583655,1.846748911e-05
1140,0.260308217,0.3972585089,1.785825023e-05
1141,0.2603074423,0.3972584593,1.725916979e-05
1142,0.2603061424,0.397257559,1.667025188e-05
1143,0.2603056059,0.3972578611,1.609150056e-05
1144,0.260304539,0.3972577218,1.552291977e-05
1145,0.2603039625,0.3972591913,1.496451343e-05
1146,0.2603031986,0.3972594475,1.441628535e-05
1147,0.2603023071,0.397258743,1.387823929e-05
1148,0.2603016271,0.3972591308,1.335037895e-05
1149,0.2603007718,0.3972599118,1.283270794e-05
1150,0.2603000735,0.3972602297,1.232522981e-05
1151,0.2602991058,0.397259009,1.182794803e-05
1152,0.2602986255,0.3972594799,1.134086602e-05
1153,0.260298007,0.3972600832,1.086398711e-05
1154,0.2602974547,0.3972601607,1.039731457e-05
