epsilon,tag,section,method,statistic,value
0.1,1e-01,rho_F,jacobi,n,256
0.1,1e-01,rho_F,jacobi,mean,0.4186548032526376
0.1,1e-01,rho_F,jacobi,median,0.3980817499918401
0.1,1e-01,rho_F,jacobi,std,0.06475077315526852
0.1,1e-01,rho_F,jacobi,p95,0.530457977735717
0.1,1e-01,rho_F,jacobi,max,0.695329846987869
0.1,1e-01,rho_F,jacobi,frac_gt_1,0.0
0.1,1e-01,rho_F,jacobi,mean_energy,0.17944812932233395
0.1,1e-01,rho_F,gs,n,256
0.1,1e-01,rho_F,gs,mean,0.35247224374904795
0.1,1e-01,rho_F,gs,median,0.33896846758668864
0.1,1e-01,rho_F,gs,std,0.05097578832403391
0.1,1e-01,rho_F,gs,p95,0.44296745836557905
0.1,1e-01,rho_F,gs,max,0.5121500848949122
0.1,1e-01,rho_F,gs,frac_gt_1,0.0
0.1,1e-01,rho_F,gs,mean_energy,0.12682506309704478
0.1,1e-01,rho_F,sgs_ssor,n,256
0.1,1e-01,rho_F,sgs_ssor,mean,0.17566682864743893
0.1,1e-01,rho_F,sgs_ssor,median,0.16677232273293635
0.1,1e-01,rho_F,sgs_ssor,std,0.038587258901599905
0.1,1e-01,rho_F,sgs_ssor,p95,0.23980297682574955
0.1,1e-01,rho_F,sgs_ssor,max,0.33050877604100287
0.1,1e-01,rho_F,sgs_ssor,frac_gt_1,0.0
0.1,1e-01,rho_F,sgs_ssor,mean_energy,0.03234199492194115
0.1,1e-01,rho_F,deeponet_plain,n,256
0.1,1e-01,rho_F,deeponet_plain,mean,0.8994180447418799
0.1,1e-01,rho_F,deeponet_plain,median,0.9384520684414617
0.1,1e-01,rho_F,deeponet_plain,std,0.10635720014555572
0.1,1e-01,rho_F,deeponet_plain,p95,0.998600685669036
0.1,1e-01,rho_F,deeponet_plain,max,1.0015640600302425
0.1,1e-01,rho_F,deeponet_plain,frac_gt_1,0.03515625
0.1,1e-01,rho_F,deeponet_plain,mean_energy,0.8202204863003315
0.1,1e-01,rho_F,deeponet_skip,n,256
0.1,1e-01,rho_F,deeponet_skip,mean,0.37148809794098137
0.1,1e-01,rho_F,deeponet_skip,median,0.36158947969785593
0.1,1e-01,rho_F,deeponet_skip,std,0.06749054897396461
0.1,1e-01,rho_F,deeponet_skip,p95,0.49003887527508655
0.1,1e-01,rho_F,deeponet_skip,max,0.664637176461747
0.1,1e-01,rho_F,deeponet_skip,frac_gt_1,0.0
0.1,1e-01,rho_F,deeponet_skip,mean_energy,0.14254058824464338
0.1,1e-01,rho_F,deeponet_skip_fourier,n,256
0.1,1e-01,rho_F,deeponet_skip_fourier,mean,0.3100085673734265
0.1,1e-01,rho_F,deeponet_skip_fourier,median,0.313277124208759
0.1,1e-01,rho_F,deeponet_skip_fourier,std,0.061395112276277024
0.1,1e-01,rho_F,deeponet_skip_fourier,p95,0.4060428467575359
0.1,1e-01,rho_F,deeponet_skip_fourier,max,0.5804181145029136
0.1,1e-01,rho_F,deeponet_skip_fourier,frac_gt_1,0.0
0.1,1e-01,rho_F,deeponet_skip_fourier,mean_energy,0.09985994759457767
0.1,1e-01,rho_C,jacobi,n,256
0.1,1e-01,rho_C,jacobi,mean,0.6883113910510895
0.1,1e-01,rho_C,jacobi,median,0.6710509205204933
0.1,1e-01,rho_C,jacobi,std,0.15581811503189552
0.1,1e-01,rho_C,jacobi,p95,0.92083744677995
0.1,1e-01,rho_C,jacobi,max,0.954734895095154
0.1,1e-01,rho_C,jacobi,frac_gt_1,0.0
0.1,1e-01,rho_C,jacobi,mean_energy,0.49795701506585666
0.1,1e-01,rho_C,gs,n,256
0.1,1e-01,rho_C,gs,mean,0.5475702135315543
0.1,1e-01,rho_C,gs,median,0.49790665365465914
0.1,1e-01,rho_C,gs,std,0.1505828855315283
0.1,1e-01,rho_C,gs,p95,0.8082044327263304
0.1,1e-01,rho_C,gs,max,0.8856306646536107
0.1,1e-01,rho_C,gs,frac_gt_1,0.0
0.1,1e-01,rho_C,gs,mean_energy,0.3224197691408411
0.1,1e-01,rho_C,sgs_ssor,n,256
0.1,1e-01,rho_C,sgs_ssor,mean,0.3761302340684285
0.1,1e-01,rho_C,sgs_ssor,median,0.32684569320074786
0.1,1e-01,rho_C,sgs_ssor,std,0.16849678279016952
0.1,1e-01,rho_C,sgs_ssor,p95,0.6941983891075885
0.1,1e-01,rho_C,sgs_ssor,max,0.8065862399861233
0.1,1e-01,rho_C,sgs_ssor,frac_gt_1,0.0
0.1,1e-01,rho_C,sgs_ssor,mean_energy,0.16975421579956057
0.1,1e-01,rho_C,deeponet_plain,n,256
0.1,1e-01,rho_C,deeponet_plain,mean,1.009521581162008
0.1,1e-01,rho_C,deeponet_plain,median,1.008743618789334
0.1,1e-01,rho_C,deeponet_plain,std,0.006917448865029485
0.1,1e-01,rho_C,deeponet_plain,p95,1.0203714088436273
0.1,1e-01,rho_C,deeponet_plain,max,1.0546420382085995
0.1,1e-01,rho_C,deeponet_plain,frac_gt_1,0.9765625
0.1,1e-01,rho_C,deeponet_plain,mean_energy,1.0191814870122862
0.1,1e-01,rho_C,deeponet_skip,n,256
0.1,1e-01,rho_C,deeponet_skip,mean,0.672280828518244
0.1,1e-01,rho_C,deeponet_skip,median,0.652002660685411
0.1,1e-01,rho_C,deeponet_skip,std,0.16724365594908824
0.1,1e-01,rho_C,deeponet_skip,p95,0.9157116133886549
0.1,1e-01,rho_C,deeponet_skip,max,0.9509302095494228
0.1,1e-01,rho_C,deeponet_skip,frac_gt_1,0.0
0.1,1e-01,rho_C,deeponet_skip,mean_energy,0.4798226933153654
0.1,1e-01,rho_C,deeponet_skip_fourier,n,256
0.1,1e-01,rho_C,deeponet_skip_fourier,mean,0.6534898226495276
0.1,1e-01,rho_C,deeponet_skip_fourier,median,0.6332573190902733
0.1,1e-01,rho_C,deeponet_skip_fourier,std,0.1739910954713867
0.1,1e-01,rho_C,deeponet_skip_fourier,p95,0.9050167945535332
0.1,1e-01,rho_C,deeponet_skip_fourier,max,0.9448999062906327
0.1,1e-01,rho_C,deeponet_skip_fourier,frac_gt_1,0.0
0.1,1e-01,rho_C,deeponet_skip_fourier,mean_energy,0.4572035960891281
0.1,1e-01,rho_TG,jacobi,n,256
0.1,1e-01,rho_TG,jacobi,mean,0.26566083069763446
0.1,1e-01,rho_TG,jacobi,median,0.2950124846869011
0.1,1e-01,rho_TG,jacobi,std,0.10229975206142991
0.1,1e-01,rho_TG,jacobi,p95,0.38890667082711405
0.1,1e-01,rho_TG,jacobi,max,0.5039296643249811
0.1,1e-01,rho_TG,jacobi,frac_gt_1,0.0
0.1,1e-01,rho_TG,jacobi,mean_energy,0.08100003639788164
0.1,1e-01,rho_TG,gs,n,256
0.1,1e-01,rho_TG,gs,mean,0.21914182866145265
0.1,1e-01,rho_TG,gs,median,0.2485172482748692
0.1,1e-01,rho_TG,gs,std,0.06877890262573866
0.1,1e-01,rho_TG,gs,p95,0.29974603537780853
0.1,1e-01,rho_TG,gs,max,0.34049757364369443
0.1,1e-01,rho_TG,gs,frac_gt_1,0.0
0.1,1e-01,rho_TG,gs,mean_energy,0.05273519985358631
0.1,1e-01,rho_TG,sgs_ssor,n,256
0.1,1e-01,rho_TG,sgs_ssor,mean,0.13157769777051748
0.1,1e-01,rho_TG,sgs_ssor,median,0.12870731312564482
0.1,1e-01,rho_TG,sgs_ssor,std,0.023827623143738336
0.1,1e-01,rho_TG,sgs_ssor,p95,0.16817857237342132
0.1,1e-01,rho_TG,sgs_ssor,max,0.25162176028892375
0.1,1e-01,rho_TG,sgs_ssor,frac_gt_1,0.0
0.1,1e-01,rho_TG,sgs_ssor,mean_energy,0.017878228379860747
0.1,1e-01,rho_TG,deeponet_plain,n,256
0.1,1e-01,rho_TG,deeponet_plain,mean,0.5736033554810487
0.1,1e-01,rho_TG,deeponet_plain,median,0.6700482212401169
0.1,1e-01,rho_TG,deeponet_plain,std,0.2959737556547451
0.1,1e-01,rho_TG,deeponet_plain,p95,0.8869162952619944
0.1,1e-01,rho_TG,deeponet_plain,max,0.9935445573126049
0.1,1e-01,rho_TG,deeponet_plain,frac_gt_1,0.0
0.1,1e-01,rho_TG,deeponet_plain,mean_energy,0.41627908414285103
0.1,1e-01,rho_TG,deeponet_skip,n,256
0.1,1e-01,rho_TG,deeponet_skip,mean,0.24648859389356886
0.1,1e-01,rho_TG,deeponet_skip,median,0.27638198388632745
0.1,1e-01,rho_TG,deeponet_skip,std,0.09174194228654887
0.1,1e-01,rho_TG,deeponet_skip,p95,0.3467732839028577
0.1,1e-01,rho_TG,deeponet_skip,max,0.468506488375333
0.1,1e-01,rho_TG,deeponet_skip,frac_gt_1,0.0
0.1,1e-01,rho_TG,deeponet_skip,mean_energy,0.06914033361298674
0.1,1e-01,rho_TG,deeponet_skip_fourier,n,256
0.1,1e-01,rho_TG,deeponet_skip_fourier,mean,0.2251397346720238
0.1,1e-01,rho_TG,deeponet_skip_fourier,median,0.24670161541471924
0.1,1e-01,rho_TG,deeponet_skip_fourier,std,0.07717709086293911
0.1,1e-01,rho_TG,deeponet_skip_fourier,p95,0.3065520941658368
0.1,1e-01,rho_TG,deeponet_skip_fourier,max,0.4070024719480302
0.1,1e-01,rho_TG,deeponet_skip_fourier,frac_gt_1,0.0
0.1,1e-01,rho_TG,deeponet_skip_fourier,mean_energy,0.05662093667227881
0.1,1e-01,rho_TG,coarse_only,n,256
0.1,1e-01,rho_TG,coarse_only,mean,0.6095354842159348
0.1,1e-01,rho_TG,coarse_only,median,0.737348136010564
0.1,1e-01,rho_TG,coarse_only,std,0.3173193478269543
0.1,1e-01,rho_TG,coarse_only,p95,0.926498676507656
0.1,1e-01,rho_TG,coarse_only,max,0.992824689070647
0.1,1e-01,rho_TG,coarse_only,frac_gt_1,0.0
0.1,1e-01,rho_TG,coarse_only,mean_energy,0.47183174858420396
0.1,1e-01,rho_TG_on_eF,jacobi,n,256
0.1,1e-01,rho_TG_on_eF,jacobi,mean,0.3842475062694516
0.1,1e-01,rho_TG_on_eF,jacobi,median,0.37367521585952457
0.1,1e-01,rho_TG_on_eF,jacobi,std,0.07431431651731756
0.1,1e-01,rho_TG_on_eF,jacobi,p95,0.5223278389890771
0.1,1e-01,rho_TG_on_eF,jacobi,max,0.6947283858617102
0.1,1e-01,rho_TG_on_eF,jacobi,frac_gt_1,0.0
0.1,1e-01,rho_TG_on_eF,jacobi,mean_energy,0.15314719098857424
0.1,1e-01,rho_TG_on_eF,gs,n,256
0.1,1e-01,rho_TG_on_eF,gs,mean,0.2713544398813048
0.1,1e-01,rho_TG_on_eF,gs,median,0.26791957294637947
0.1,1e-01,rho_TG_on_eF,gs,std,0.054960535906827396
0.1,1e-01,rho_TG_on_eF,gs,p95,0.3599761205158201
0.1,1e-01,rho_TG_on_eF,gs,max,0.4319989183133354
0.1,1e-01,rho_TG_on_eF,gs,frac_gt_1,0.0
0.1,1e-01,rho_TG_on_eF,gs,mean_energy,0.07664209309535623
0.1,1e-01,rho_TG_on_eF,sgs_ssor,n,256
0.1,1e-01,rho_TG_on_eF,sgs_ssor,mean,0.15533974416315832
0.1,1e-01,rho_TG_on_eF,sgs_ssor,median,0.14836098236670542
0.1,1e-01,rho_TG_on_eF,sgs_ssor,std,0.03562716668734739
0.1,1e-01,rho_TG_on_eF,sgs_ssor,p95,0.2264632353540054
0.1,1e-01,rho_TG_on_eF,sgs_ssor,max,0.27570215663789643
0.1,1e-01,rho_TG_on_eF,sgs_ssor,frac_gt_1,0.0
0.1,1e-01,rho_TG_on_eF,sgs_ssor,mean_energy,0.02539477293922567
0.1,1e-01,rho_TG_on_eF,deeponet_plain,n,256
0.1,1e-01,rho_TG_on_eF,deeponet_plain,mean,0.8942298726256415
0.1,1e-01,rho_TG_on_eF,deeponet_plain,median,0.9346744366497889
0.1,1e-01,rho_TG_on_eF,deeponet_plain,std,0.11036608728734473
0.1,1e-01,rho_TG_on_eF,deeponet_plain,p95,0.9979436308814141
0.1,1e-01,rho_TG_on_eF,deeponet_plain,max,1.0012990566573265
0.1,1e-01,rho_TG_on_eF,deeponet_plain,frac_gt_1,0.03125
0.1,1e-01,rho_TG_on_eF,deeponet_plain,mean_energy,0.811780157564411
0.1,1e-01,rho_TG_on_eF,deeponet_skip,n,256
0.1,1e-01,rho_TG_on_eF,deeponet_skip,mean,0.33959683142068103
0.1,1e-01,rho_TG_on_eF,deeponet_skip,median,0.3346139978697851
0.1,1e-01,rho_TG_on_eF,deeponet_skip,std,0.07575383998287985
0.1,1e-01,rho_TG_on_eF,deeponet_skip,p95,0.4809070369896553
0.1,1e-01,rho_TG_on_eF,deeponet_skip,max,0.6633562591400843
0.1,1e-01,rho_TG_on_eF,deeponet_skip,frac_gt_1,0.0
0.1,1e-01,rho_TG_on_eF,deeponet_skip,mean_energy,0.12104223560393013
0.1,1e-01,rho_TG_on_eF,deeponet_skip_fourier,n,256
0.1,1e-01,rho_TG_on_eF,deeponet_skip_fourier,mean,0.28026360684156515
0.1,1e-01,rho_TG_on_eF,deeponet_skip_fourier,median,0.2882864956312686
0.1,1e-01,rho_TG_on_eF,deeponet_skip_fourier,std,0.06671736855590836
0.1,1e-01,rho_TG_on_eF,deeponet_skip_fourier,p95,0.39390342668567646
0.1,1e-01,rho_TG_on_eF,deeponet_skip_fourier,max,0.5734223137848974
0.1,1e-01,rho_TG_on_eF,deeponet_skip_fourier,frac_gt_1,0.0
0.1,1e-01,rho_TG_on_eF,deeponet_skip_fourier,mean_energy,0.08298150905848146
0.1,1e-01,rho_TG_on_eF,coarse_only,n,256
0.1,1e-01,rho_TG_on_eF,coarse_only,mean,1.0
0.1,1e-01,rho_TG_on_eF,coarse_only,median,1.0
0.1,1e-01,rho_TG_on_eF,coarse_only,std,4.0228409678603695e-16
0.1,1e-01,rho_TG_on_eF,coarse_only,p95,1.0000000000000007
0.1,1e-01,rho_TG_on_eF,coarse_only,max,1.000000000000001
0.1,1e-01,rho_TG_on_eF,coarse_only,frac_gt_1,0.48046875
0.1,1e-01,rho_TG_on_eF,coarse_only,mean_energy,1.0000000000000002
0.1,1e-01,rho_F_repeated_3_steps,jacobi,n,256
0.1,1e-01,rho_F_repeated_3_steps,jacobi,mean,0.16990758503850376
0.1,1e-01,rho_F_repeated_3_steps,jacobi,median,0.1524308304132296
0.1,1e-01,rho_F_repeated_3_steps,jacobi,std,0.057616401767763066
0.1,1e-01,rho_F_repeated_3_steps,jacobi,p95,0.283536893121883
0.1,1e-01,rho_F_repeated_3_steps,jacobi,max,0.3982445172647364
0.1,1e-01,rho_F_repeated_3_steps,jacobi,frac_gt_1,0.0
0.1,1e-01,rho_F_repeated_3_steps,jacobi,mean_energy,0.03217526982443433
0.1,1e-01,rho_F_repeated_3_steps,gs,n,256
0.1,1e-01,rho_F_repeated_3_steps,gs,mean,0.08261185330418525
0.1,1e-01,rho_F_repeated_3_steps,gs,median,0.07518069933098982
0.1,1e-01,rho_F_repeated_3_steps,gs,std,0.02264201066916941
0.1,1e-01,rho_F_repeated_3_steps,gs,p95,0.12551882730135527
0.1,1e-01,rho_F_repeated_3_steps,gs,max,0.15399792939263238
0.1,1e-01,rho_F_repeated_3_steps,gs,frac_gt_1,0.0
0.1,1e-01,rho_F_repeated_3_steps,gs,mean_energy,0.007335376372842103
0.1,1e-01,rho_F_repeated_3_steps,sgs_ssor,n,256
0.1,1e-01,rho_F_repeated_3_steps,sgs_ssor,mean,0.04270109233353629
0.1,1e-01,rho_F_repeated_3_steps,sgs_ssor,median,0.03780126703538121
0.1,1e-01,rho_F_repeated_3_steps,sgs_ssor,std,0.020742190991384264
0.1,1e-01,rho_F_repeated_3_steps,sgs_ssor,p95,0.08450801210291445
0.1,1e-01,rho_F_repeated_3_steps,sgs_ssor,max,0.13100735793502688
0.1,1e-01,rho_F_repeated_3_steps,sgs_ssor,frac_gt_1,0.0
0.1,1e-01,rho_F_repeated_3_steps,sgs_ssor,mean_energy,0.0022519411545099304
0.1,1e-01,rho_F_repeated_3_steps,deeponet_plain,n,256
0.1,1e-01,rho_F_repeated_3_steps,deeponet_plain,mean,0.9025603990396929
0.1,1e-01,rho_F_repeated_3_steps,deeponet_plain,median,0.9404011260101415
0.1,1e-01,rho_F_repeated_3_steps,deeponet_plain,std,0.105460087117237
0.1,1e-01,rho_F_repeated_3_steps,deeponet_plain,p95,1.0005052884267025
0.1,1e-01,rho_F_repeated_3_steps,deeponet_plain,max,1.01853899016855
0.1,1e-01,rho_F_repeated_3_steps,deeponet_plain,frac_gt_1,0.07421875
0.1,1e-01,rho_F_repeated_3_steps,deeponet_plain,mean_energy,0.8256936592411257
0.1,1e-01,rho_F_repeated_3_steps,deeponet_skip,n,256
0.1,1e-01,rho_F_repeated_3_steps,deeponet_skip,mean,0.1474812880498778
0.1,1e-01,rho_F_repeated_3_steps,deeponet_skip,median,0.1344443900007115
0.1,1e-01,rho_F_repeated_3_steps,deeponet_skip,std,0.054918696797682576
0.1,1e-01,rho_F_repeated_3_steps,deeponet_skip,p95,0.25514058244931787
0.1,1e-01,rho_F_repeated_3_steps,deeponet_skip,max,0.3647287746802088
0.1,1e-01,rho_F_repeated_3_steps,deeponet_skip,frac_gt_1,0.0
0.1,1e-01,rho_F_repeated_3_steps,deeponet_skip,mean_energy,0.02475501208570543
0.1,1e-01,rho_F_repeated_3_steps,deeponet_skip_fourier,n,256
0.1,1e-01,rho_F_repeated_3_steps,deeponet_skip_fourier,mean,0.10784716120454499
0.1,1e-01,rho_F_repeated_3_steps,deeponet_skip_fourier,median,0.10276689652392122
0.1,1e-01,rho_F_repeated_3_steps,deeponet_skip_fourier,std,0.03466401337507371
0.1,1e-01,rho_F_repeated_3_steps,deeponet_skip_fourier,p95,0.17710276345766884
0.1,1e-01,rho_F_repeated_3_steps,deeponet_skip_fourier,max,0.2697646083397244
0.1,1e-01,rho_F_repeated_3_steps,deeponet_skip_fourier,frac_gt_1,0.0
0.1,1e-01,rho_F_repeated_3_steps,deeponet_skip_fourier,mean_energy,0.012827910277274262
0.1,1e-01,training,deeponet_plain,best_val_loss,0.8265671711071345
0.1,1e-01,training,deeponet_plain,best_epoch,3000
0.1,1e-01,training,deeponet_skip,best_val_loss,0.1437269486910423
0.1,1e-01,training,deeponet_skip,best_epoch,3000
0.1,1e-01,training,deeponet_skip,omega_trained,0.6646596578415699
0.1,1e-01,training,deeponet_skip_fourier,best_val_loss,0.10412548292817077
0.1,1e-01,training,deeponet_skip_fourier,best_epoch,3000
0.1,1e-01,training,deeponet_skip_fourier,omega_trained,0.7435992657498053
0.01,1e-02,rho_F,jacobi,n,256
0.01,1e-02,rho_F,jacobi,mean,0.41539688133332675
0.01,1e-02,rho_F,jacobi,median,0.39806475797986035
0.01,1e-02,rho_F,jacobi,std,0.06318544538437326
0.01,1e-02,rho_F,jacobi,p95,0.5271639336930378
0.01,1e-02,rho_F,jacobi,max,0.6772936134046702
0.01,1e-02,rho_F,jacobi,frac_gt_1,0.0
0.01,1e-02,rho_F,jacobi,mean_energy,0.17653137421538953
0.01,1e-02,rho_F,gs,n,256
0.01,1e-02,rho_F,gs,mean,0.34611770739695985
0.01,1e-02,rho_F,gs,median,0.3362797397552259
0.01,1e-02,rho_F,gs,std,0.05126292411133482
0.01,1e-02,rho_F,gs,p95,0.4360601744813684
0.01,1e-02,rho_F,gs,max,0.5103784985004061
0.01,1e-02,rho_F,gs,frac_gt_1,0.0
0.01,1e-02,rho_F,gs,mean_energy,0.12241508957706088
0.01,1e-02,rho_F,sgs_ssor,n,256
0.01,1e-02,rho_F,sgs_ssor,mean,0.1727444349823893
0.01,1e-02,rho_F,sgs_ssor,median,0.16616953963315728
0.01,1e-02,rho_F,sgs_ssor,std,0.039393323797826695
0.01,1e-02,rho_F,sgs_ssor,p95,0.23712193934686815
0.01,1e-02,rho_F,sgs_ssor,max,0.32945363785960946
0.01,1e-02,rho_F,sgs_ssor,frac_gt_1,0.0
0.01,1e-02,rho_F,sgs_ssor,mean_energy,0.031386411925819716
0.01,1e-02,rho_F,deeponet_plain,n,256
0.01,1e-02,rho_F,deeponet_plain,mean,0.8735269247236559
0.01,1e-02,rho_F,deeponet_plain,median,0.9182130363665024
0.01,1e-02,rho_F,deeponet_plain,std,0.12314518478373446
0.01,1e-02,rho_F,deeponet_plain,p95,0.9974175831861127
0.01,1e-02,rho_F,deeponet_plain,max,1.0015271044255365
0.01,1e-02,rho_F,deeponet_plain,frac_gt_1,0.0234375
0.01,1e-02,rho_F,deeponet_plain,mean_energy,0.7781547875004962
0.01,1e-02,rho_F,deeponet_skip,n,256
0.01,1e-02,rho_F,deeponet_skip,mean,0.36154050862923515
0.01,1e-02,rho_F,deeponet_skip,median,0.3552972413686607
0.01,1e-02,rho_F,deeponet_skip,std,0.06577741884060696
0.01,1e-02,rho_F,deeponet_skip,p95,0.4817471439583339
0.01,1e-02,rho_F,deeponet_skip,max,0.6406831660158552
0.01,1e-02,rho_F,deeponet_skip,frac_gt_1,0.0
0.01,1e-02,rho_F,deeponet_skip,mean_energy,0.1350213071591041
0.01,1e-02,rho_F,deeponet_skip_fourier,n,256
0.01,1e-02,rho_F,deeponet_skip_fourier,mean,0.2812026201707968
0.01,1e-02,rho_F,deeponet_skip_fourier,median,0.2837007588816727
0.01,1e-02,rho_F,deeponet_skip_fourier,std,0.0549502709347148
0.01,1e-02,rho_F,deeponet_skip_fourier,p95,0.37315802743647053
0.01,1e-02,rho_F,deeponet_skip_fourier,max,0.5326065969814741
0.01,1e-02,rho_F,deeponet_skip_fourier,frac_gt_1,0.0
0.01,1e-02,rho_F,deeponet_skip_fourier,mean_energy,0.08208265081876762
0.01,1e-02,rho_C,jacobi,n,256
0.01,1e-02,rho_C,jacobi,mean,0.6523814956834189
0.01,1e-02,rho_C,jacobi,median,0.6282985164825884
0.01,1e-02,rho_C,jacobi,std,0.13834076530098238
0.01,1e-02,rho_C,jacobi,p95,0.856261535644224
0.01,1e-02,rho_C,jacobi,max,0.9326489757652016
0.01,1e-02,rho_C,jacobi,frac_gt_1,0.0
0.01,1e-02,rho_C,jacobi,mean_energy,0.4446650247880084
0.01,1e-02,rho_C,gs,n,256
0.01,1e-02,rho_C,gs,mean,0.5042737113314419
0.01,1e-02,rho_C,gs,median,0.45716180686270935
0.01,1e-02,rho_C,gs,std,0.134780423135041
0.01,1e-02,rho_C,gs,p95,0.7302582289285149
0.01,1e-02,rho_C,gs,max,0.8404321296178681
0.01,1e-02,rho_C,gs,frac_gt_1,0.0
0.01,1e-02,rho_C,gs,mean_energy,0.27238677839083597
0.01,1e-02,rho_C,sgs_ssor,n,256
0.01,1e-02,rho_C,sgs_ssor,mean,0.3415716207543991
0.01,1e-02,rho_C,sgs_ssor,median,0.2747867480884525
0.01,1e-02,rho_C,sgs_ssor,std,0.15220332026497196
0.01,1e-02,rho_C,sgs_ssor,p95,0.6121607907108282
0.01,1e-02,rho_C,sgs_ssor,max,0.750523371870625
0.01,1e-02,rho_C,sgs_ssor,frac_gt_1,0.0
0.01,1e-02,rho_C,sgs_ssor,mean_energy,0.13974653120017305
0.01,1e-02,rho_C,deeponet_plain,n,256
0.01,1e-02,rho_C,deeponet_plain,mean,1.0098129861944236
0.01,1e-02,rho_C,deeponet_plain,median,1.0087690011894987
0.01,1e-02,rho_C,deeponet_plain,std,0.0071890199972708645
0.01,1e-02,rho_C,deeponet_plain,p95,1.0236275509363075
0.01,1e-02,rho_C,deeponet_plain,max,1.0433257038654782
0.01,1e-02,rho_C,deeponet_plain,frac_gt_1,0.984375
0.01,1e-02,rho_C,deeponet_plain,mean_energy,1.0197737472125743
0.01,1e-02,rho_C,deeponet_skip,n,256
0.01,1e-02,rho_C,deeponet_skip,mean,0.6313513917878976
0.01,1e-02,rho_C,deeponet_skip,median,0.6029678462204122
0.01,1e-02,rho_C,deeponet_skip,std,0.14919236068230093
0.01,1e-02,rho_C,deeponet_skip,p95,0.8547710473496329
0.01,1e-02,rho_C,deeponet_skip,max,0.9386987459401542
0.01,1e-02,rho_C,deeponet_skip,frac_gt_1,0.0
0.01,1e-02,rho_C,deeponet_skip,mean_energy,0.42077599367782487
0.01,1e-02,rho_C,deeponet_skip_fourier,n,256
0.01,1e-02,rho_C,deeponet_skip_fourier,mean,0.6053088492327534
0.01,1e-02,rho_C,deeponet_skip_fourier,median,0.5703208635454284
0.01,1e-02,rho_C,deeponet_skip_fourier,std,0.15643482940739298
0.01,1e-02,rho_C,deeponet_skip_fourier,p95,0.8445734029050387
0.01,1e-02,rho_C,deeponet_skip_fourier,max,0.9316180667531773
0.01,1e-02,rho_C,deeponet_skip_fourier,frac_gt_1,0.0
0.01,1e-02,rho_C,deeponet_skip_fourier,mean_energy,0.3907750656242796
0.01,1e-02,rho_TG,jacobi,n,256
0.01,1e-02,rho_TG,jacobi,mean,0.2593336677291658
0.01,1e-02,rho_TG,jacobi,median,0.28871197233493834
0.01,1e-02,rho_TG,jacobi,std,0.10338662753469248
0.01,1e-02,rho_TG,jacobi,p95,0.3844677170736323
0.01,1e-02,rho_TG,jacobi,max,0.4839303780685619
0.01,1e-02,rho_TG,jacobi,frac_gt_1,0.0
0.01,1e-02,rho_TG,jacobi,mean_energy,0.07790099286635471
0.01,1e-02,rho_TG,gs,n,256
0.01,1e-02,rho_TG,gs,mean,0.21232418930099134
0.01,1e-02,rho_TG,gs,median,0.23938335873537536
0.01,1e-02,rho_TG,gs,std,0.06981804246492133
0.01,1e-02,rho_TG,gs,p95,0.29206128255890323
0.01,1e-02,rho_TG,gs,max,0.33182135976870875
0.01,1e-02,rho_TG,gs,frac_gt_1,0.0
0.01,1e-02,rho_TG,gs,mean_energy,0.04993707916965351
0.01,1e-02,rho_TG,sgs_ssor,n,256
0.01,1e-02,rho_TG,sgs_ssor,mean,0.1262896906135246
0.01,1e-02,rho_TG,sgs_ssor,median,0.126443214048719
0.01,1e-02,rho_TG,sgs_ssor,std,0.026113318194025587
0.01,1e-02,rho_TG,sgs_ssor,p95,0.16475131016316516
0.01,1e-02,rho_TG,sgs_ssor,max,0.24882663439442504
0.01,1e-02,rho_TG,sgs_ssor,frac_gt_1,0.0
0.01,1e-02,rho_TG,sgs_ssor,mean_energy,0.016628327649443823
0.01,1e-02,rho_TG,deeponet_plain,n,256
0.01,1e-02,rho_TG,deeponet_plain,mean,0.5519808038966728
0.01,1e-02,rho_TG,deeponet_plain,median,0.6346177055856983
0.01,1e-02,rho_TG,deeponet_plain,std,0.29529014871173487
0.01,1e-02,rho_TG,deeponet_plain,p95,0.8728369986596433
0.01,1e-02,rho_TG,deeponet_plain,max,0.990333368588424
0.01,1e-02,rho_TG,deeponet_plain,frac_gt_1,0.0
0.01,1e-02,rho_TG,deeponet_plain,mean_energy,0.3915384693594039
0.01,1e-02,rho_TG,deeponet_skip,n,256
0.01,1e-02,rho_TG,deeponet_skip,mean,0.23848117112734485
0.01,1e-02,rho_TG,deeponet_skip,median,0.2641456915847657
0.01,1e-02,rho_TG,deeponet_skip,std,0.09051730505569383
0.01,1e-02,rho_TG,deeponet_skip,p95,0.3387504677930676
0.01,1e-02,rho_TG,deeponet_skip,max,0.4493631490834023
0.01,1e-02,rho_TG,deeponet_skip,frac_gt_1,0.0
0.01,1e-02,rho_TG,deeponet_skip,mean_energy,0.06503464609636804
0.01,1e-02,rho_TG,deeponet_skip_fourier,n,256
0.01,1e-02,rho_TG,deeponet_skip_fourier,mean,0.2086040065930863
0.01,1e-02,rho_TG,deeponet_skip_fourier,median,0.22736032747361123
0.01,1e-02,rho_TG,deeponet_skip_fourier,std,0.06745711894446835
0.01,1e-02,rho_TG,deeponet_skip_fourier,p95,0.279374753265537
0.01,1e-02,rho_TG,deeponet_skip_fourier,max,0.37558768892277933
0.01,1e-02,rho_TG,deeponet_skip_fourier,frac_gt_1,0.0
0.01,1e-02,rho_TG,deeponet_skip_fourier,mean_energy,0.048048319217287916
0.01,1e-02,rho_TG,coarse_only,n,256
0.01,1e-02,rho_TG,coarse_only,mean,0.5978062455137416
0.01,1e-02,rho_TG,coarse_only,median,0.7327279371599399
0.01,1e-02,rho_TG,coarse_only,std,0.3221887857699526
0.01,1e-02,rho_TG,coarse_only,p95,0.922841302846901
0.01,1e-02,rho_TG,coarse_only,max,0.9895724831733951
0.01,1e-02,rho_TG,coarse_only,frac_gt_1,0.0
0.01,1e-02,rho_TG,coarse_only,mean_energy,0.4607724301727307
0.01,1e-02,rho_TG_on_eF,jacobi,n,256
0.01,1e-02,rho_TG_on_eF,jacobi,mean,0.38127284442326503
0.01,1e-02,rho_TG_on_eF,jacobi,median,0.3732076211924312
0.01,1e-02,rho_TG_on_eF,jacobi,std,0.07118822544291584
0.01,1e-02,rho_TG_on_eF,jacobi,p95,0.513906342618375
0.01,1e-02,rho_TG_on_eF,jacobi,max,0.6759245761506616
0.01,1e-02,rho_TG_on_eF,jacobi,frac_gt_1,0.0
0.01,1e-02,rho_TG_on_eF,jacobi,mean_energy,0.15041694938537448
0.01,1e-02,rho_TG_on_eF,gs,n,256
0.01,1e-02,rho_TG_on_eF,gs,mean,0.26523836375502396
0.01,1e-02,rho_TG_on_eF,gs,median,0.2647451542492958
0.01,1e-02,rho_TG_on_eF,gs,std,0.05438463768467595
0.01,1e-02,rho_TG_on_eF,gs,p95,0.35328863979701686
0.01,1e-02,rho_TG_on_eF,gs,max,0.4205947184965278
0.01,1e-02,rho_TG_on_eF,gs,frac_gt_1,0.0
0.01,1e-02,rho_TG_on_eF,gs,mean_energy,0.073297524951598
0.01,1e-02,rho_TG_on_eF,sgs_ssor,n,256
0.01,1e-02,rho_TG_on_eF,sgs_ssor,mean,0.15233371275481777
0.01,1e-02,rho_TG_on_eF,sgs_ssor,median,0.1467050005579959
0.01,1e-02,rho_TG_on_eF,sgs_ssor,std,0.03608221557751658
0.01,1e-02,rho_TG_on_eF,sgs_ssor,p95,0.22084572322600893
0.01,1e-02,rho_TG_on_eF,sgs_ssor,max,0.26988301421979
0.01,1e-02,rho_TG_on_eF,sgs_ssor,frac_gt_1,0.0
0.01,1e-02,rho_TG_on_eF,sgs_ssor,mean_energy,0.024502400673114624
0.01,1e-02,rho_TG_on_eF,deeponet_plain,n,256
0.01,1e-02,rho_TG_on_eF,deeponet_plain,mean,0.8671137048965691
0.01,1e-02,rho_TG_on_eF,deeponet_plain,median,0.9142821781392982
0.01,1e-02,rho_TG_on_eF,deeponet_plain,std,0.12785224993615504
0.01,1e-02,rho_TG_on_eF,deeponet_plain,p95,0.996506841169942
0.01,1e-02,rho_TG_on_eF,deeponet_plain,max,1.0014696174089837
0.01,1e-02,rho_TG_on_eF,deeponet_plain,frac_gt_1,0.0234375
0.01,1e-02,rho_TG_on_eF,deeponet_plain,mean_energy,0.7681685226979817
0.01,1e-02,rho_TG_on_eF,deeponet_skip,n,256
0.01,1e-02,rho_TG_on_eF,deeponet_skip,mean,0.32880130272312835
0.01,1e-02,rho_TG_on_eF,deeponet_skip,median,0.3248882876669651
0.01,1e-02,rho_TG_on_eF,deeponet_skip,std,0.07238019762053877
0.01,1e-02,rho_TG_on_eF,deeponet_skip,p95,0.46615559264606804
0.01,1e-02,rho_TG_on_eF,deeponet_skip,max,0.6386031372715948
0.01,1e-02,rho_TG_on_eF,deeponet_skip,frac_gt_1,0.0
0.01,1e-02,rho_TG_on_eF,deeponet_skip,mean_energy,0.11332872525420366
0.01,1e-02,rho_TG_on_eF,deeponet_skip_fourier,n,256
0.01,1e-02,rho_TG_on_eF,deeponet_skip_fourier,mean,0.252744175695518
0.01,1e-02,rho_TG_on_eF,deeponet_skip_fourier,median,0.25937739992013165
0.01,1e-02,rho_TG_on_eF,deeponet_skip_fourier,std,0.0592450668641305
0.01,1e-02,rho_TG_on_eF,deeponet_skip_fourier,p95,0.3426914981350732
0.01,1e-02,rho_TG_on_eF,deeponet_skip_fourier,max,0.5234183692183184
0.01,1e-02,rho_TG_on_eF,deeponet_skip_fourier,frac_gt_1,0.0
0.01,1e-02,rho_TG_on_eF,deeponet_skip_fourier,mean_energy,0.06737588544438382
0.01,1e-02,rho_TG_on_eF,coarse_only,n,256
0.01,1e-02,rho_TG_on_eF,coarse_only,mean,1.0
0.01,1e-02,rho_TG_on_eF,coarse_only,median,1.0
0.01,1e-02,rho_TG_on_eF,coarse_only,std,4.1517463163831767e-16
0.01,1e-02,rho_TG_on_eF,coarse_only,p95,1.0000000000000007
0.01,1e-02,rho_TG_on_eF,coarse_only,max,1.0000000000000013
0.01,1e-02,rho_TG_on_eF,coarse_only,frac_gt_1,0.4140625
0.01,1e-02,rho_TG_on_eF,coarse_only,mean_energy,1.0
0.01,1e-02,rho_F_repeated_3_steps,jacobi,n,256
0.01,1e-02,rho_F_repeated_3_steps,jacobi,mean,0.16606385989117317
0.01,1e-02,rho_F_repeated_3_steps,jacobi,median,0.15042603095328444
0.01,1e-02,rho_F_repeated_3_steps,jacobi,std,0.05633861992506298
0.01,1e-02,rho_F_repeated_3_steps,jacobi,p95,0.28647700668416365
0.01,1e-02,rho_F_repeated_3_steps,jacobi,max,0.38069227310331427
0.01,1e-02,rho_F_repeated_3_steps,jacobi,frac_gt_1,0.0
0.01,1e-02,rho_F_repeated_3_steps,jacobi,mean_energy,0.030738847062894564
0.01,1e-02,rho_F_repeated_3_steps,gs,n,256
0.01,1e-02,rho_F_repeated_3_steps,gs,mean,0.08078498415003323
0.01,1e-02,rho_F_repeated_3_steps,gs,median,0.07434315762691897
0.01,1e-02,rho_F_repeated_3_steps,gs,std,0.023111847063453417
0.01,1e-02,rho_F_repeated_3_steps,gs,p95,0.12555165565537474
0.01,1e-02,rho_F_repeated_3_steps,gs,max,0.15147308780322016
0.01,1e-02,rho_F_repeated_3_steps,gs,frac_gt_1,0.0
0.01,1e-02,rho_F_repeated_3_steps,gs,mean_energy,0.007058284586170094
0.01,1e-02,rho_F_repeated_3_steps,sgs_ssor,n,256
0.01,1e-02,rho_F_repeated_3_steps,sgs_ssor,mean,0.043412458199870295
0.01,1e-02,rho_F_repeated_3_steps,sgs_ssor,median,0.03901076713499384
0.01,1e-02,rho_F_repeated_3_steps,sgs_ssor,std,0.021057844719405604
0.01,1e-02,rho_F_repeated_3_steps,sgs_ssor,p95,0.08602613934081974
0.01,1e-02,rho_F_repeated_3_steps,sgs_ssor,max,0.13090608007937438
0.01,1e-02,rho_F_repeated_3_steps,sgs_ssor,frac_gt_1,0.0
0.01,1e-02,rho_F_repeated_3_steps,sgs_ssor,mean_energy,0.0023263421917124483
0.01,1e-02,rho_F_repeated_3_steps,deeponet_plain,n,256
0.01,1e-02,rho_F_repeated_3_steps,deeponet_plain,mean,0.8749423826304579
0.01,1e-02,rho_F_repeated_3_steps,deeponet_plain,median,0.9183781184147111
0.01,1e-02,rho_F_repeated_3_steps,deeponet_plain,std,0.12402146817505777
0.01,1e-02,rho_F_repeated_3_steps,deeponet_plain,p95,1.0002854857094106
0.01,1e-02,rho_F_repeated_3_steps,deeponet_plain,max,1.016244794832225
0.01,1e-02,rho_F_repeated_3_steps,deeponet_plain,frac_gt_1,0.0546875
0.01,1e-02,rho_F_repeated_3_steps,deeponet_plain,mean_energy,0.7808454141922644
0.01,1e-02,rho_F_repeated_3_steps,deeponet_skip,n,256
0.01,1e-02,rho_F_repeated_3_steps,deeponet_skip,mean,0.1395665591792583
0.01,1e-02,rho_F_repeated_3_steps,deeponet_skip,median,0.1278046927029941
0.01,1e-02,rho_F_repeated_3_steps,deeponet_skip,std,0.0518537973785507
0.01,1e-02,rho_F_repeated_3_steps,deeponet_skip,p95,0.25096439920153885
0.01,1e-02,rho_F_repeated_3_steps,deeponet_skip,max,0.34289592625448817
0.01,1e-02,rho_F_repeated_3_steps,deeponet_skip,frac_gt_1,0.0
0.01,1e-02,rho_F_repeated_3_steps,deeponet_skip,mean_energy,0.02215713755503127
0.01,1e-02,rho_F_repeated_3_steps,deeponet_skip_fourier,n,256
0.01,1e-02,rho_F_repeated_3_steps,deeponet_skip_fourier,mean,0.09066572116902664
0.01,1e-02,rho_F_repeated_3_steps,deeponet_skip_fourier,median,0.08702329170588831
0.01,1e-02,rho_F_repeated_3_steps,deeponet_skip_fourier,std,0.028326177883386428
0.01,1e-02,rho_F_repeated_3_steps,deeponet_skip_fourier,p95,0.13914805658943952
0.01,1e-02,rho_F_repeated_3_steps,deeponet_skip_fourier,max,0.22699249312823438
0.01,1e-02,rho_F_repeated_3_steps,deeponet_skip_fourier,frac_gt_1,0.0
0.01,1e-02,rho_F_repeated_3_steps,deeponet_skip_fourier,mean_energy,0.00901951108157515
0.01,1e-02,training,deeponet_plain,best_val_loss,0.7907210018472981
0.01,1e-02,training,deeponet_plain,best_epoch,2900
0.01,1e-02,training,deeponet_skip,best_val_loss,0.1358923753660271
0.01,1e-02,training,deeponet_skip,best_epoch,3000
0.01,1e-02,training,deeponet_skip,omega_trained,0.6727275860844623
0.01,1e-02,training,deeponet_skip_fourier,best_val_loss,0.0848317775284678
0.01,1e-02,training,deeponet_skip_fourier,best_epoch,3000
0.01,1e-02,training,deeponet_skip_fourier,omega_trained,0.7651871591343169
0.001,1e-03,rho_F,jacobi,n,256
0.001,1e-03,rho_F,jacobi,mean,0.41530093944736834
0.001,1e-03,rho_F,jacobi,median,0.3986374308627658
0.001,1e-03,rho_F,jacobi,std,0.06296692423005747
0.001,1e-03,rho_F,jacobi,p95,0.5262668598329776
0.001,1e-03,rho_F,jacobi,max,0.6732580642683637
0.001,1e-03,rho_F,jacobi,frac_gt_1,0.0
0.001,1e-03,rho_F,jacobi,mean_energy,0.1764242162218176
0.001,1e-03,rho_F,gs,n,256
0.001,1e-03,rho_F,gs,mean,0.34638806577753734
0.001,1e-03,rho_F,gs,median,0.3365389236174702
0.001,1e-03,rho_F,gs,std,0.05109780889311748
0.001,1e-03,rho_F,gs,p95,0.4356522728858435
0.001,1e-03,rho_F,gs,max,0.5103071808715729
0.001,1e-03,rho_F,gs,frac_gt_1,0.0
0.001,1e-03,rho_F,gs,mean_energy,0.12258547902243076
0.001,1e-03,rho_F,sgs_ssor,n,256
0.001,1e-03,rho_F,sgs_ssor,mean,0.17329809238338928
0.001,1e-03,rho_F,sgs_ssor,median,0.1666707287457963
0.001,1e-03,rho_F,sgs_ssor,std,0.039337005370959945
0.001,1e-03,rho_F,sgs_ssor,p95,0.23788283863392234
0.001,1e-03,rho_F,sgs_ssor,max,0.329621363281699
0.001,1e-03,rho_F,sgs_ssor,frac_gt_1,0.0
0.001,1e-03,rho_F,sgs_ssor,mean_energy,0.03157358428405965
0.001,1e-03,rho_F,deeponet_plain,n,256
0.001,1e-03,rho_F,deeponet_plain,mean,0.8774919681855164
0.001,1e-03,rho_F,deeponet_plain,median,0.9224251874324549
0.001,1e-03,rho_F,deeponet_plain,std,0.12065439284541507
0.001,1e-03,rho_F,deeponet_plain,p95,0.9970500903978269
0.001,1e-03,rho_F,deeponet_plain,max,1.001573946823696
0.001,1e-03,rho_F,deeponet_plain,frac_gt_1,0.01171875
0.001,1e-03,rho_F,deeponet_plain,mean_energy,0.7844927715769212
0.001,1e-03,rho_F,deeponet_skip,n,256
0.001,1e-03,rho_F,deeponet_skip,mean,0.355890457497393
0.001,1e-03,rho_F,deeponet_skip,median,0.34844627113600474
0.001,1e-03,rho_F,deeponet_skip,std,0.0663426628058767
0.001,1e-03,rho_F,deeponet_skip,p95,0.47697305779494076
0.001,1e-03,rho_F,deeponet_skip,max,0.6389966631208857
0.001,1e-03,rho_F,deeponet_skip,frac_gt_1,0.0
0.001,1e-03,rho_F,deeponet_skip,mean_energy,0.13104217387670541
0.001,1e-03,rho_F,deeponet_skip_fourier,n,256
0.001,1e-03,rho_F,deeponet_skip_fourier,mean,0.27886535913854255
0.001,1e-03,rho_F,deeponet_skip_fourier,median,0.28268753253184387
0.001,1e-03,rho_F,deeponet_skip_fourier,std,0.052534726912803094
0.001,1e-03,rho_F,deeponet_skip_fourier,p95,0.36120753001424555
0.001,1e-03,rho_F,deeponet_skip_fourier,max,0.5032794166477749
0.001,1e-03,rho_F,deeponet_skip_fourier,frac_gt_1,0.0
0.001,1e-03,rho_F,deeponet_skip_fourier,mean_energy,0.0805150052095375
0.001,1e-03,rho_C,jacobi,n,256
0.001,1e-03,rho_C,jacobi,mean,0.6406168470772466
0.001,1e-03,rho_C,jacobi,median,0.6095529211955582
0.001,1e-03,rho_C,jacobi,std,0.13746506512025222
0.001,1e-03,rho_C,jacobi,p95,0.8440825129469653
0.001,1e-03,rho_C,jacobi,max,0.9316703824479855
0.001,1e-03,rho_C,jacobi,frac_gt_1,0.0
0.001,1e-03,rho_C,jacobi,mean_energy,0.42921277387158063
0.001,1e-03,rho_C,gs,n,256
0.001,1e-03,rho_C,gs,mean,0.5034434744850546
0.001,1e-03,rho_C,gs,median,0.456030175918576
0.001,1e-03,rho_C,gs,std,0.13184170314028515
0.001,1e-03,rho_C,gs,p95,0.7305409568848145
0.001,1e-03,rho_C,gs,max,0.8394654153718365
0.001,1e-03,rho_C,gs,frac_gt_1,0.0
0.001,1e-03,rho_C,gs,mean_energy,0.27076966733426905
0.001,1e-03,rho_C,sgs_ssor,n,256
0.001,1e-03,rho_C,sgs_ssor,mean,0.339872833540581
0.001,1e-03,rho_C,sgs_ssor,median,0.27465600206475616
0.001,1e-03,rho_C,sgs_ssor,std,0.15054203288237544
0.001,1e-03,rho_C,sgs_ssor,p95,0.6082145678909613
0.001,1e-03,rho_C,sgs_ssor,max,0.7448783798251268
0.001,1e-03,rho_C,sgs_ssor,frac_gt_1,0.0
0.001,1e-03,rho_C,sgs_ssor,mean_energy,0.13808791967582282
0.001,1e-03,rho_C,deeponet_plain,n,256
0.001,1e-03,rho_C,deeponet_plain,mean,1.009939624339283
0.001,1e-03,rho_C,deeponet_plain,median,1.008510376518565
0.001,1e-03,rho_C,deeponet_plain,std,0.007946264677940207
0.001,1e-03,rho_C,deeponet_plain,p95,1.0238918020005747
0.001,1e-03,rho_C,deeponet_plain,max,1.0505118560380255
0.001,1e-03,rho_C,deeponet_plain,frac_gt_1,0.9765625
0.001,1e-03,rho_C,deeponet_plain,mean_energy,1.0200409412800826
0.001,1e-03,rho_C,deeponet_skip,n,256
0.001,1e-03,rho_C,deeponet_skip,mean,0.6219975967067957
0.001,1e-03,rho_C,deeponet_skip,median,0.5902407618563996
0.001,1e-03,rho_C,deeponet_skip,std,0.14772346578513573
0.001,1e-03,rho_C,deeponet_skip,p95,0.8502077283456639
0.001,1e-03,rho_C,deeponet_skip,max,0.9377239925230301
0.001,1e-03,rho_C,deeponet_skip,frac_gt_1,0.0
0.001,1e-03,rho_C,deeponet_skip,mean_energy,0.40861798959657214
0.001,1e-03,rho_C,deeponet_skip_fourier,n,256
0.001,1e-03,rho_C,deeponet_skip_fourier,mean,0.5989110580847506
0.001,1e-03,rho_C,deeponet_skip_fourier,median,0.5631843963589873
0.001,1e-03,rho_C,deeponet_skip_fourier,std,0.1533031522009175
0.001,1e-03,rho_C,deeponet_skip_fourier,p95,0.8337306159203877
0.001,1e-03,rho_C,deeponet_skip_fourier,max,0.9278087750590692
0.001,1e-03,rho_C,deeponet_skip_fourier,frac_gt_1,0.0
0.001,1e-03,rho_C,deeponet_skip_fourier,mean_energy,0.3821045078440788
0.001,1e-03,rho_TG,jacobi,n,256
0.001,1e-03,rho_TG,jacobi,mean,0.26129934414963757
0.001,1e-03,rho_TG,jacobi,median,0.2883103469885804
0.001,1e-03,rho_TG,jacobi,std,0.0998025859928654
0.001,1e-03,rho_TG,jacobi,p95,0.3831307236947802
0.001,1e-03,rho_TG,jacobi,max,0.48039914042676723
0.001,1e-03,rho_TG,jacobi,frac_gt_1,0.0
0.001,1e-03,rho_TG,jacobi,mean_energy,0.07819899500135159
0.001,1e-03,rho_TG,gs,n,256
0.001,1e-03,rho_TG,gs,mean,0.21525016223899646
0.001,1e-03,rho_TG,gs,median,0.2399252918553667
0.001,1e-03,rho_TG,gs,std,0.06573314777982903
0.001,1e-03,rho_TG,gs,p95,0.2920129682588021
0.001,1e-03,rho_TG,gs,max,0.33148586707827443
0.001,1e-03,rho_TG,gs,frac_gt_1,0.0
0.001,1e-03,rho_TG,gs,mean_energy,0.05063660075347068
0.001,1e-03,rho_TG,sgs_ssor,n,256
0.001,1e-03,rho_TG,sgs_ssor,mean,0.12662163663859313
0.001,1e-03,rho_TG,sgs_ssor,median,0.12657781315092087
0.001,1e-03,rho_TG,sgs_ssor,std,0.02545699947409282
0.001,1e-03,rho_TG,sgs_ssor,p95,0.16472775600155187
0.001,1e-03,rho_TG,sgs_ssor,max,0.24861958169289772
0.001,1e-03,rho_TG,sgs_ssor,frac_gt_1,0.0
0.001,1e-03,rho_TG,sgs_ssor,mean_energy,0.016678566207485562
0.001,1e-03,rho_TG,deeponet_plain,n,256
0.001,1e-03,rho_TG,deeponet_plain,mean,0.5492555606273148
0.001,1e-03,rho_TG,deeponet_plain,median,0.6294334391097374
0.001,1e-03,rho_TG,deeponet_plain,std,0.29618768771777404
0.001,1e-03,rho_TG,deeponet_plain,p95,0.8704572360195237
0.001,1e-03,rho_TG,deeponet_plain,max,0.9893493667195553
0.001,1e-03,rho_TG,deeponet_plain,frac_gt_1,0.0
0.001,1e-03,rho_TG,deeponet_plain,mean_energy,0.389066133070176
0.001,1e-03,rho_TG,deeponet_skip,n,256
0.001,1e-03,rho_TG,deeponet_skip,mean,0.23951377771158677
0.001,1e-03,rho_TG,deeponet_skip,median,0.26276329286259714
0.001,1e-03,rho_TG,deeponet_skip,std,0.0852709835149896
0.001,1e-03,rho_TG,deeponet_skip,p95,0.3376487768924882
0.001,1e-03,rho_TG,deeponet_skip,max,0.4484579933890119
0.001,1e-03,rho_TG,deeponet_skip,frac_gt_1,0.0
0.001,1e-03,rho_TG,deeponet_skip,mean_energy,0.06460958745020459
0.001,1e-03,rho_TG,deeponet_skip_fourier,n,256
0.001,1e-03,rho_TG,deeponet_skip_fourier,mean,0.2120176487426527
0.001,1e-03,rho_TG,deeponet_skip_fourier,median,0.22721118919445465
0.001,1e-03,rho_TG,deeponet_skip_fourier,std,0.060683683519479795
0.001,1e-03,rho_TG,deeponet_skip_fourier,p95,0.27748253628526665
0.001,1e-03,rho_TG,deeponet_skip_fourier,max,0.35518431475476153
0.001,1e-03,rho_TG,deeponet_skip_fourier,frac_gt_1,0.0
0.001,1e-03,rho_TG,deeponet_skip_fourier,mean_energy,0.048619608021333784
0.001,1e-03,rho_TG,coarse_only,n,256
0.001,1e-03,rho_TG,coarse_only,mean,0.5957973011353153
0.001,1e-03,rho_TG,coarse_only,median,0.7308202802682138
0.001,1e-03,rho_TG,coarse_only,std,0.32292636324081775
0.001,1e-03,rho_TG,coarse_only,p95,0.9221624221824789
0.001,1e-03,rho_TG,coarse_only,max,0.9888226019120492
0.001,1e-03,rho_TG,coarse_only,frac_gt_1,0.0
0.001,1e-03,rho_TG,coarse_only,mean_energy,0.45884851075639455
0.001,1e-03,rho_TG_on_eF,jacobi,n,256
0.001,1e-03,rho_TG_on_eF,jacobi,mean,0.3808734773922996
0.001,1e-03,rho_TG_on_eF,jacobi,median,0.37392346526648235
0.001,1e-03,rho_TG_on_eF,jacobi,std,0.0706556022408621
0.001,1e-03,rho_TG_on_eF,jacobi,p95,0.5117745878869209
0.001,1e-03,rho_TG_on_eF,jacobi,max,0.6715225661790136
0.001,1e-03,rho_TG_on_eF,jacobi,frac_gt_1,0.0
0.001,1e-03,rho_TG_on_eF,jacobi,mean_energy,0.1500373190724839
0.001,1e-03,rho_TG_on_eF,gs,n,256
0.001,1e-03,rho_TG_on_eF,gs,mean,0.26475932861658213
0.001,1e-03,rho_TG_on_eF,gs,median,0.26453638738532825
0.001,1e-03,rho_TG_on_eF,gs,std,0.05422508360076695
0.001,1e-03,rho_TG_on_eF,gs,p95,0.3523293519882955
0.001,1e-03,rho_TG_on_eF,gs,max,0.42066981911023454
0.001,1e-03,rho_TG_on_eF,gs,frac_gt_1,0.0
0.001,1e-03,rho_TG_on_eF,gs,mean_energy,0.07302637600096853
0.001,1e-03,rho_TG_on_eF,sgs_ssor,n,256
0.001,1e-03,rho_TG_on_eF,sgs_ssor,mean,0.15272869576799825
0.001,1e-03,rho_TG_on_eF,sgs_ssor,median,0.14743641098182036
0.001,1e-03,rho_TG_on_eF,sgs_ssor,std,0.03601057003186448
0.001,1e-03,rho_TG_on_eF,sgs_ssor,p95,0.22114143727344415
0.001,1e-03,rho_TG_on_eF,sgs_ssor,max,0.2699824058623829
0.001,1e-03,rho_TG_on_eF,sgs_ssor,frac_gt_1,0.0
0.001,1e-03,rho_TG_on_eF,sgs_ssor,mean_energy,0.024617750191755695
0.001,1e-03,rho_TG_on_eF,deeponet_plain,n,256
0.001,1e-03,rho_TG_on_eF,deeponet_plain,mean,0.8670463279372445
0.001,1e-03,rho_TG_on_eF,deeponet_plain,median,0.9174969021908599
0.001,1e-03,rho_TG_on_eF,deeponet_plain,std,0.12840401944925253
0.001,1e-03,rho_TG_on_eF,deeponet_plain,p95,0.9961203483187976
0.001,1e-03,rho_TG_on_eF,deeponet_plain,max,1.001390751816083
0.001,1e-03,rho_TG_on_eF,deeponet_plain,frac_gt_1,0.01171875
0.001,1e-03,rho_TG_on_eF,deeponet_plain,mean_energy,0.7681925223431105
0.001,1e-03,rho_TG_on_eF,deeponet_skip,n,256
0.001,1e-03,rho_TG_on_eF,deeponet_skip,mean,0.32461958699867866
0.001,1e-03,rho_TG_on_eF,deeponet_skip,median,0.3219367477534555
0.001,1e-03,rho_TG_on_eF,deeponet_skip,std,0.07366460339340389
0.001,1e-03,rho_TG_on_eF,deeponet_skip,p95,0.46369342008838527
0.001,1e-03,rho_TG_on_eF,deeponet_skip,max,0.636359525153502
0.001,1e-03,rho_TG_on_eF,deeponet_skip,frac_gt_1,0.0
0.001,1e-03,rho_TG_on_eF,deeponet_skip,mean_energy,0.1107831528930459
0.001,1e-03,rho_TG_on_eF,deeponet_skip_fourier,n,256
0.001,1e-03,rho_TG_on_eF,deeponet_skip_fourier,mean,0.2501539409600063
0.001,1e-03,rho_TG_on_eF,deeponet_skip_fourier,median,0.25712155469218695
0.001,1e-03,rho_TG_on_eF,deeponet_skip_fourier,std,0.05734181239295673
0.001,1e-03,rho_TG_on_eF,deeponet_skip_fourier,p95,0.339490680241738
0.001,1e-03,rho_TG_on_eF,deeponet_skip_fourier,max,0.4942498082836815
0.001,1e-03,rho_TG_on_eF,deeponet_skip_fourier,frac_gt_1,0.0
0.001,1e-03,rho_TG_on_eF,deeponet_skip_fourier,mean_energy,0.06585223355036064
0.001,1e-03,rho_TG_on_eF,coarse_only,n,256
0.001,1e-03,rho_TG_on_eF,coarse_only,mean,1.0
0.001,1e-03,rho_TG_on_eF,coarse_only,median,1.0
0.001,1e-03,rho_TG_on_eF,coarse_only,std,4.1784384614168235e-16
0.001,1e-03,rho_TG_on_eF,coarse_only,p95,1.0000000000000009
0.001,1e-03,rho_TG_on_eF,coarse_only,max,1.000000000000001
0.001,1e-03,rho_TG_on_eF,coarse_only,frac_gt_1,0.4296875
0.001,1e-03,rho_TG_on_eF,coarse_only,mean_energy,1.0
0.001,1e-03,rho_F_repeated_3_steps,jacobi,n,256
0.001,1e-03,rho_F_repeated_3_steps,jacobi,mean,0.1659924892677258
0.001,1e-03,rho_F_repeated_3_steps,jacobi,median,0.15054019031294932
0.001,1e-03,rho_F_repeated_3_steps,jacobi,std,0.056267555077232356
0.001,1e-03,rho_F_repeated_3_steps,jacobi,p95,0.2871500293292042
0.001,1e-03,rho_F_repeated_3_steps,jacobi,max,0.37858062877190596
0.001,1e-03,rho_F_repeated_3_steps,jacobi,frac_gt_1,0.0
0.001,1e-03,rho_F_repeated_3_steps,jacobi,mean_energy,0.03070717691268744
0.001,1e-03,rho_F_repeated_3_steps,gs,n,256
0.001,1e-03,rho_F_repeated_3_steps,gs,mean,0.08086194994048819
0.001,1e-03,rho_F_repeated_3_steps,gs,median,0.0745229294565294
0.001,1e-03,rho_F_repeated_3_steps,gs,std,0.023196054067715972
0.001,1e-03,rho_F_repeated_3_steps,gs,p95,0.1261165199816709
0.001,1e-03,rho_F_repeated_3_steps,gs,max,0.15198698600655924
0.001,1e-03,rho_F_repeated_3_steps,gs,frac_gt_1,0.0
0.001,1e-03,rho_F_repeated_3_steps,gs,mean_energy,0.0070746100876298255
0.001,1e-03,rho_F_repeated_3_steps,sgs_ssor,n,256
0.001,1e-03,rho_F_repeated_3_steps,sgs_ssor,mean,0.04363261953571205
0.001,1e-03,rho_F_repeated_3_steps,sgs_ssor,median,0.039377669967095685
0.001,1e-03,rho_F_repeated_3_steps,sgs_ssor,std,0.021094718754088162
0.001,1e-03,rho_F_repeated_3_steps,sgs_ssor,p95,0.0860136951777506
0.001,1e-03,rho_F_repeated_3_steps,sgs_ssor,max,0.13096157175523704
0.001,1e-03,rho_F_repeated_3_steps,sgs_ssor,frac_gt_1,0.0
0.001,1e-03,rho_F_repeated_3_steps,sgs_ssor,mean_energy,0.0023470544157712086
0.001,1e-03,rho_F_repeated_3_steps,deeponet_plain,n,256
0.001,1e-03,rho_F_repeated_3_steps,deeponet_plain,mean,0.8841435100212114
0.001,1e-03,rho_F_repeated_3_steps,deeponet_plain,median,0.9248024192177015
0.001,1e-03,rho_F_repeated_3_steps,deeponet_plain,std,0.11808318077030966
0.001,1e-03,rho_F_repeated_3_steps,deeponet_plain,p95,0.9997617638876032
0.001,1e-03,rho_F_repeated_3_steps,deeponet_plain,max,1.0218742030594508
0.001,1e-03,rho_F_repeated_3_steps,deeponet_plain,frac_gt_1,0.046875
0.001,1e-03,rho_F_repeated_3_steps,deeponet_plain,mean_energy,0.7955989165591614
0.001,1e-03,rho_F_repeated_3_steps,deeponet_skip,n,256
0.001,1e-03,rho_F_repeated_3_steps,deeponet_skip,mean,0.13769127924720964
0.001,1e-03,rho_F_repeated_3_steps,deeponet_skip,median,0.1257389398978569
0.001,1e-03,rho_F_repeated_3_steps,deeponet_skip,std,0.05244617561385543
0.001,1e-03,rho_F_repeated_3_steps,deeponet_skip,p95,0.25397126243297813
0.001,1e-03,rho_F_repeated_3_steps,deeponet_skip,max,0.34535712549267533
0.001,1e-03,rho_F_repeated_3_steps,deeponet_skip,frac_gt_1,0.0
0.001,1e-03,rho_F_repeated_3_steps,deeponet_skip,mean_energy,0.021698745180781652
0.001,1e-03,rho_F_repeated_3_steps,deeponet_skip_fourier,n,256
0.001,1e-03,rho_F_repeated_3_steps,deeponet_skip_fourier,mean,0.08973312625364441
0.001,1e-03,rho_F_repeated_3_steps,deeponet_skip_fourier,median,0.08664285678240646
0.001,1e-03,rho_F_repeated_3_steps,deeponet_skip_fourier,std,0.026291687636568205
0.001,1e-03,rho_F_repeated_3_steps,deeponet_skip_fourier,p95,0.1363061983504665
0.001,1e-03,rho_F_repeated_3_steps,deeponet_skip_fourier,max,0.2258734829182483
0.001,1e-03,rho_F_repeated_3_steps,deeponet_skip_fourier,frac_gt_1,0.0
0.001,1e-03,rho_F_repeated_3_steps,deeponet_skip_fourier,mean_energy,0.008740586579629879
0.001,1e-03,training,deeponet_plain,best_val_loss,0.7974144808214509
0.001,1e-03,training,deeponet_plain,best_epoch,3000
0.001,1e-03,training,deeponet_skip,best_val_loss,0.13330977905914215
0.001,1e-03,training,deeponet_skip,best_epoch,2900
0.001,1e-03,training,deeponet_skip,omega_trained,0.6699867051572955
0.001,1e-03,training,deeponet_skip_fourier,best_val_loss,0.08335174506412744
0.001,1e-03,training,deeponet_skip_fourier,best_epoch,3000
0.001,1e-03,training,deeponet_skip_fourier,omega_trained,0.7660909185369305
0.0001,1e-04,rho_F,jacobi,n,256
0.0001,1e-04,rho_F,jacobi,mean,0.4152982402629151
0.0001,1e-04,rho_F,jacobi,median,0.3986960374205425
0.0001,1e-04,rho_F,jacobi,std,0.06294720104347348
0.0001,1e-04,rho_F,jacobi,p95,0.5261652943951859
0.0001,1e-04,rho_F,jacobi,max,0.6727964228794112
0.0001,1e-04,rho_F,jacobi,frac_gt_1,0.0
0.0001,1e-04,rho_F,jacobi,mean_energy,0.1764195005545283
0.0001,1e-04,rho_F,gs,n,256
0.0001,1e-04,rho_F,gs,mean,0.3465478931023753
0.0001,1e-04,rho_F,gs,median,0.3366679653414865
0.0001,1e-04,rho_F,gs,std,0.05096154542524204
0.0001,1e-04,rho_F,gs,p95,0.4356491591431164
0.0001,1e-04,rho_F,gs,max,0.5103167617392782
0.0001,1e-04,rho_F,gs,frac_gt_1,0.0
0.0001,1e-04,rho_F,gs,mean_energy,0.12268237648554262
0.0001,1e-04,rho_F,sgs_ssor,n,256
0.0001,1e-04,rho_F,sgs_ssor,mean,0.17342280272897842
0.0001,1e-04,rho_F,sgs_ssor,median,0.16675220890349926
0.0001,1e-04,rho_F,sgs_ssor,std,0.03924820278938773
0.0001,1e-04,rho_F,sgs_ssor,p95,0.2380281636808765
0.0001,1e-04,rho_F,sgs_ssor,max,0.3296463316607825
0.0001,1e-04,rho_F,sgs_ssor,frac_gt_1,0.0
0.0001,1e-04,rho_F,sgs_ssor,mean_energy,0.03160987265739061
0.0001,1e-04,rho_F,deeponet_plain,n,256
0.0001,1e-04,rho_F,deeponet_plain,mean,0.8973334100667006
0.0001,1e-04,rho_F,deeponet_plain,median,0.9333160791393305
0.0001,1e-04,rho_F,deeponet_plain,std,0.10216968505396097
0.0001,1e-04,rho_F,deeponet_plain,p95,0.9990574603491454
0.0001,1e-04,rho_F,deeponet_plain,max,1.0015681074398317
0.0001,1e-04,rho_F,deeponet_plain,frac_gt_1,0.03125
0.0001,1e-04,rho_F,deeponet_plain,mean_energy,0.8156051174107091
0.0001,1e-04,rho_F,deeponet_skip,n,256
0.0001,1e-04,rho_F,deeponet_skip,mean,0.3582470734378858
0.0001,1e-04,rho_F,deeponet_skip,median,0.35040774828793547
0.0001,1e-04,rho_F,deeponet_skip,std,0.06570024147174884
0.0001,1e-04,rho_F,deeponet_skip,p95,0.4738887409892552
0.0001,1e-04,rho_F,deeponet_skip,max,0.6329559313276811
0.0001,1e-04,rho_F,deeponet_skip,frac_gt_1,0.0
0.0001,1e-04,rho_F,deeponet_skip,mean_energy,0.13264062594325038
0.0001,1e-04,rho_F,deeponet_skip_fourier,n,256
0.0001,1e-04,rho_F,deeponet_skip_fourier,mean,0.27800498153535913
0.0001,1e-04,rho_F,deeponet_skip_fourier,median,0.28019824921951864
0.0001,1e-04,rho_F,deeponet_skip_fourier,std,0.05274372996612861
0.0001,1e-04,rho_F,deeponet_skip_fourier,p95,0.3613385702154565
0.0001,1e-04,rho_F,deeponet_skip_fourier,max,0.5183113582766091
0.0001,1e-04,rho_F,deeponet_skip_fourier,frac_gt_1,0.0
0.0001,1e-04,rho_F,deeponet_skip_fourier,mean_energy,0.0800578040082358
0.0001,1e-04,rho_C,jacobi,n,256
0.0001,1e-04,rho_C,jacobi,mean,0.6397521497323289
0.0001,1e-04,rho_C,jacobi,median,0.608837043308146
0.0001,1e-04,rho_C,jacobi,std,0.13711890232052684
0.0001,1e-04,rho_C,jacobi,p95,0.8432295978721831
0.0001,1e-04,rho_C,jacobi,max,0.9315466459612306
0.0001,1e-04,rho_C,jacobi,frac_gt_1,0.0
0.0001,1e-04,rho_C,jacobi,mean_energy,0.42801096273660677
0.0001,1e-04,rho_C,gs,n,256
0.0001,1e-04,rho_C,gs,mean,0.5039675827286375
0.0001,1e-04,rho_C,gs,median,0.4567211164802919
0.0001,1e-04,rho_C,gs,std,0.13149097201276386
0.0001,1e-04,rho_C,gs,p95,0.7319494208649566
0.0001,1e-04,rho_C,gs,max,0.8393635456592625
0.0001,1e-04,rho_C,gs,frac_gt_1,0.0
0.0001,1e-04,rho_C,gs,mean_energy,0.2712056615851729
0.0001,1e-04,rho_C,sgs_ssor,n,256
0.0001,1e-04,rho_C,sgs_ssor,mean,0.33995634255452556
0.0001,1e-04,rho_C,sgs_ssor,median,0.2747678519635508
0.0001,1e-04,rho_C,sgs_ssor,std,0.1502546463336669
0.0001,1e-04,rho_C,sgs_ssor,p95,0.6079628777734705
0.0001,1e-04,rho_C,sgs_ssor,max,0.7443750831584307
0.0001,1e-04,rho_C,sgs_ssor,frac_gt_1,0.0
0.0001,1e-04,rho_C,sgs_ssor,mean_energy,0.13805858429593315
0.0001,1e-04,rho_C,deeponet_plain,n,256
0.0001,1e-04,rho_C,deeponet_plain,mean,1.0089161768308652
0.0001,1e-04,rho_C,deeponet_plain,median,1.0082553317825145
0.0001,1e-04,rho_C,deeponet_plain,std,0.00680082849428263
0.0001,1e-04,rho_C,deeponet_plain,p95,1.0205476564354403
0.0001,1e-04,rho_C,deeponet_plain,max,1.0373444122316102
0.0001,1e-04,rho_C,deeponet_plain,frac_gt_1,0.96484375
0.0001,1e-04,rho_C,deeponet_plain,mean_energy,1.0179579224702016
0.0001,1e-04,rho_C,deeponet_skip,n,256
0.0001,1e-04,rho_C,deeponet_skip,mean,0.6190711679660976
0.0001,1e-04,rho_C,deeponet_skip,median,0.5866994096859062
0.0001,1e-04,rho_C,deeponet_skip,std,0.14757339418318594
0.0001,1e-04,rho_C,deeponet_skip,p95,0.8467478031340262
0.0001,1e-04,rho_C,deeponet_skip,max,0.9367913593617772
0.0001,1e-04,rho_C,deeponet_skip,frac_gt_1,0.0
0.0001,1e-04,rho_C,deeponet_skip,mean_energy,0.40494194772972164
0.0001,1e-04,rho_C,deeponet_skip_fourier,n,256
0.0001,1e-04,rho_C,deeponet_skip_fourier,mean,0.5992265515325413
0.0001,1e-04,rho_C,deeponet_skip_fourier,median,0.5614597600699647
0.0001,1e-04,rho_C,deeponet_skip_fourier,std,0.15280867369913353
0.0001,1e-04,rho_C,deeponet_skip_fourier,p95,0.836205785244334
0.0001,1e-04,rho_C,deeponet_skip_fourier,max,0.9278960723528578
0.0001,1e-04,rho_C,deeponet_skip_fourier,frac_gt_1,0.0
0.0001,1e-04,rho_C,deeponet_skip_fourier,mean_energy,0.3823317379647475
0.0001,1e-04,rho_TG,jacobi,n,256
0.0001,1e-04,rho_TG,jacobi,mean,0.26183285566125103
0.0001,1e-04,rho_TG,jacobi,median,0.28843800439505907
0.0001,1e-04,rho_TG,jacobi,std,0.09900430446376443
0.0001,1e-04,rho_TG,jacobi,p95,0.38297244639011735
0.0001,1e-04,rho_TG,jacobi,max,0.48005383386530676
0.0001,1e-04,rho_TG,jacobi,frac_gt_1,0.0
0.0001,1e-04,rho_TG,jacobi,mean_energy,0.07832000812052321
0.0001,1e-04,rho_TG,gs,n,256
0.0001,1e-04,rho_TG,gs,mean,0.21627258006094263
0.0001,1e-04,rho_TG,gs,median,0.2401514034260821
0.0001,1e-04,rho_TG,gs,std,0.06449957478748675
0.0001,1e-04,rho_TG,gs,p95,0.292050427155514
0.0001,1e-04,rho_TG,gs,max,0.3315675035418231
0.0001,1e-04,rho_TG,gs,frac_gt_1,0.0
0.0001,1e-04,rho_TG,gs,mean_energy,0.05091777327168748
0.0001,1e-04,rho_TG,sgs_ssor,n,256
0.0001,1e-04,rho_TG,sgs_ssor,mean,0.1267871513333069
0.0001,1e-04,rho_TG,sgs_ssor,median,0.12663727934047053
0.0001,1e-04,rho_TG,sgs_ssor,std,0.025184599505861507
0.0001,1e-04,rho_TG,sgs_ssor,p95,0.164742776693002
0.0001,1e-04,rho_TG,sgs_ssor,max,0.24860762894512856
0.0001,1e-04,rho_TG,sgs_ssor,frac_gt_1,0.0
0.0001,1e-04,rho_TG,sgs_ssor,mean_energy,0.016706768201531323
0.0001,1e-04,rho_TG,deeponet_plain,n,256
0.0001,1e-04,rho_TG,deeponet_plain,mean,0.5556259568366249
0.0001,1e-04,rho_TG,deeponet_plain,median,0.6443377711756338
0.0001,1e-04,rho_TG,deeponet_plain,std,0.29885516042930366
0.0001,1e-04,rho_TG,deeponet_plain,p95,0.8768989397313578
0.0001,1e-04,rho_TG,deeponet_plain,max,0.9891663908742183
0.0001,1e-04,rho_TG,deeponet_plain,frac_gt_1,0.0
0.0001,1e-04,rho_TG,deeponet_plain,mean_energy,0.39768572642382716
0.0001,1e-04,rho_TG,deeponet_skip,n,256
0.0001,1e-04,rho_TG,deeponet_skip,mean,0.2394425726850961
0.0001,1e-04,rho_TG,deeponet_skip,median,0.26184612247667416
0.0001,1e-04,rho_TG,deeponet_skip,std,0.08296490397019331
0.0001,1e-04,rho_TG,deeponet_skip,p95,0.33353977650151845
0.0001,1e-04,rho_TG,deeponet_skip,max,0.4442421491137771
0.0001,1e-04,rho_TG,deeponet_skip,frac_gt_1,0.0
0.0001,1e-04,rho_TG,deeponet_skip,mean_energy,0.06418903350136129
0.0001,1e-04,rho_TG,deeponet_skip_fourier,n,256
0.0001,1e-04,rho_TG,deeponet_skip_fourier,mean,0.2123447629777443
0.0001,1e-04,rho_TG,deeponet_skip_fourier,median,0.22729820066590462
0.0001,1e-04,rho_TG,deeponet_skip_fourier,std,0.058688920456116137
0.0001,1e-04,rho_TG,deeponet_skip_fourier,p95,0.27672708039622573
0.0001,1e-04,rho_TG,deeponet_skip_fourier,max,0.36575325703210965
0.0001,1e-04,rho_TG,deeponet_skip_fourier,frac_gt_1,0.0
0.0001,1e-04,rho_TG,deeponet_skip_fourier,mean_energy,0.048521233102346295
0.0001,1e-04,rho_TG,coarse_only,n,256
0.0001,1e-04,rho_TG,coarse_only,mean,0.5955757393075237
0.0001,1e-04,rho_TG,coarse_only,median,0.7306161144134042
0.0001,1e-04,rho_TG,coarse_only,std,0.32300755199377423
0.0001,1e-04,rho_TG,coarse_only,p95,0.9220812552767802
0.0001,1e-04,rho_TG,coarse_only,max,0.9887332847250104
0.0001,1e-04,rho_TG,coarse_only,frac_gt_1,0.0
0.0001,1e-04,rho_TG,coarse_only,mean_energy,0.45863678568325716
0.0001,1e-04,rho_TG_on_eF,jacobi,n,256
0.0001,1e-04,rho_TG_on_eF,jacobi,mean,0.3808146708865694
0.0001,1e-04,rho_TG_on_eF,jacobi,median,0.37386258868558586
0.0001,1e-04,rho_TG_on_eF,jacobi,std,0.07061054627172883
0.0001,1e-04,rho_TG_on_eF,jacobi,p95,0.5115044740418996
0.0001,1e-04,rho_TG_on_eF,jacobi,max,0.6710008701923612
0.0001,1e-04,rho_TG_on_eF,jacobi,frac_gt_1,0.0
0.0001,1e-04,rho_TG_on_eF,jacobi,mean_energy,0.14998618683362563
0.0001,1e-04,rho_TG_on_eF,gs,n,256
0.0001,1e-04,rho_TG_on_eF,gs,mean,0.26480589660303155
0.0001,1e-04,rho_TG_on_eF,gs,median,0.2645358560389382
0.0001,1e-04,rho_TG_on_eF,gs,std,0.054154980826858164
0.0001,1e-04,rho_TG_on_eF,gs,p95,0.3522549919447615
0.0001,1e-04,rho_TG_on_eF,gs,max,0.42068851273255
0.0001,1e-04,rho_TG_on_eF,gs,frac_gt_1,0.0
0.0001,1e-04,rho_TG_on_eF,gs,mean_energy,0.07304346872273204
0.0001,1e-04,rho_TG_on_eF,sgs_ssor,n,256
0.0001,1e-04,rho_TG_on_eF,sgs_ssor,mean,0.1528377775745538
0.0001,1e-04,rho_TG_on_eF,sgs_ssor,median,0.14753757314916574
0.0001,1e-04,rho_TG_on_eF,sgs_ssor,std,0.03593065226321673
0.0001,1e-04,rho_TG_on_eF,sgs_ssor,p95,0.22119946005595031
0.0001,1e-04,rho_TG_on_eF,sgs_ssor,max,0.2700054558642255
0.0001,1e-04,rho_TG_on_eF,sgs_ssor,frac_gt_1,0.0
0.0001,1e-04,rho_TG_on_eF,sgs_ssor,mean_energy,0.024645355011254377
0.0001,1e-04,rho_TG_on_eF,deeponet_plain,n,256
0.0001,1e-04,rho_TG_on_eF,deeponet_plain,mean,0.8859598916527905
0.0001,1e-04,rho_TG_on_eF,deeponet_plain,median,0.9268050232903439
0.0001,1e-04,rho_TG_on_eF,deeponet_plain,std,0.11156952045583945
0.0001,1e-04,rho_TG_on_eF,deeponet_plain,p95,0.9982480477283591
0.0001,1e-04,rho_TG_on_eF,deeponet_plain,max,1.001246211573895
0.0001,1e-04,rho_TG_on_eF,deeponet_plain,frac_gt_1,0.0234375
0.0001,1e-04,rho_TG_on_eF,deeponet_plain,mean_energy,0.797324063457894
0.0001,1e-04,rho_TG_on_eF,deeponet_skip,n,256
0.0001,1e-04,rho_TG_on_eF,deeponet_skip,mean,0.325481819776785
0.0001,1e-04,rho_TG_on_eF,deeponet_skip,median,0.3225442227605074
0.0001,1e-04,rho_TG_on_eF,deeponet_skip,std,0.07216039071851292
0.0001,1e-04,rho_TG_on_eF,deeponet_skip,p95,0.45830522859931455
0.0001,1e-04,rho_TG_on_eF,deeponet_skip,max,0.6301042990309169
0.0001,1e-04,rho_TG_on_eF,deeponet_skip,frac_gt_1,0.0
0.0001,1e-04,rho_TG_on_eF,deeponet_skip,mean_energy,0.11112519667358782
0.0001,1e-04,rho_TG_on_eF,deeponet_skip_fourier,n,256
0.0001,1e-04,rho_TG_on_eF,deeponet_skip_fourier,mean,0.24936854000231476
0.0001,1e-04,rho_TG_on_eF,deeponet_skip_fourier,median,0.25604488095465805
0.0001,1e-04,rho_TG_on_eF,deeponet_skip_fourier,std,0.05741072389500557
0.0001,1e-04,rho_TG_on_eF,deeponet_skip_fourier,p95,0.33576192174037556
0.0001,1e-04,rho_TG_on_eF,deeponet_skip_fourier,max,0.5081606545827766
0.0001,1e-04,rho_TG_on_eF,deeponet_skip_fourier,frac_gt_1,0.0
0.0001,1e-04,rho_TG_on_eF,deeponet_skip_fourier,mean_energy,0.06546778499533873
0.0001,1e-04,rho_TG_on_eF,coarse_only,n,256
0.0001,1e-04,rho_TG_on_eF,coarse_only,mean,1.0
0.0001,1e-04,rho_TG_on_eF,coarse_only,median,1.0
0.0001,1e-04,rho_TG_on_eF,coarse_only,std,4.0611090443903977e-16
0.0001,1e-04,rho_TG_on_eF,coarse_only,p95,1.0000000000000007
0.0001,1e-04,rho_TG_on_eF,coarse_only,max,1.000000000000001
0.0001,1e-04,rho_TG_on_eF,coarse_only,frac_gt_1,0.43359375
0.0001,1e-04,rho_TG_on_eF,coarse_only,mean_energy,1.0
0.0001,1e-04,rho_F_repeated_3_steps,jacobi,n,256
0.0001,1e-04,rho_F_repeated_3_steps,jacobi,mean,0.16602259560275562
0.0001,1e-04,rho_F_repeated_3_steps,jacobi,median,0.15057807161482
0.0001,1e-04,rho_F_repeated_3_steps,jacobi,std,0.05624532457995359
0.0001,1e-04,rho_F_repeated_3_steps,jacobi,p95,0.2872418604719158
0.0001,1e-04,rho_F_repeated_3_steps,jacobi,max,0.3783930908517684
0.0001,1e-04,rho_F_repeated_3_steps,jacobi,frac_gt_1,0.0
0.0001,1e-04,rho_F_repeated_3_steps,jacobi,mean_energy,0.030714681223182393
0.0001,1e-04,rho_F_repeated_3_steps,gs,n,256
0.0001,1e-04,rho_F_repeated_3_steps,gs,mean,0.08089489083879425
0.0001,1e-04,rho_F_repeated_3_steps,gs,median,0.07454386782176614
0.0001,1e-04,rho_F_repeated_3_steps,gs,std,0.0231758364928883
0.0001,1e-04,rho_F_repeated_3_steps,gs,p95,0.1261857354301248
0.0001,1e-04,rho_F_repeated_3_steps,gs,max,0.15204861579560927
0.0001,1e-04,rho_F_repeated_3_steps,gs,frac_gt_1,0.0
0.0001,1e-04,rho_F_repeated_3_steps,gs,mean_energy,0.0070790046383204346
0.0001,1e-04,rho_F_repeated_3_steps,sgs_ssor,n,256
0.0001,1e-04,rho_F_repeated_3_steps,sgs_ssor,mean,0.04365719032601276
0.0001,1e-04,rho_F_repeated_3_steps,sgs_ssor,median,0.039431727585155646
0.0001,1e-04,rho_F_repeated_3_steps,sgs_ssor,std,0.02109697656890811
0.0001,1e-04,rho_F_repeated_3_steps,sgs_ssor,p95,0.08600685913209324
0.0001,1e-04,rho_F_repeated_3_steps,sgs_ssor,max,0.13096758795145727
0.0001,1e-04,rho_F_repeated_3_steps,sgs_ssor,frac_gt_1,0.0
0.0001,1e-04,rho_F_repeated_3_steps,sgs_ssor,mean_energy,0.0023492940843062708
0.0001,1e-04,rho_F_repeated_3_steps,deeponet_plain,n,256
0.0001,1e-04,rho_F_repeated_3_steps,deeponet_plain,mean,0.9099051070567934
0.0001,1e-04,rho_F_repeated_3_steps,deeponet_plain,median,0.9449695495442447
0.0001,1e-04,rho_F_repeated_3_steps,deeponet_plain,std,0.09606291663672695
0.0001,1e-04,rho_F_repeated_3_steps,deeponet_plain,p95,1.0009770851815207
0.0001,1e-04,rho_F_repeated_3_steps,deeponet_plain,max,1.0364699587263235
0.0001,1e-04,rho_F_repeated_3_steps,deeponet_plain,frac_gt_1,0.06640625
0.0001,1e-04,rho_F_repeated_3_steps,deeponet_plain,mean_energy,0.837119340597849
0.0001,1e-04,rho_F_repeated_3_steps,deeponet_skip,n,256
0.0001,1e-04,rho_F_repeated_3_steps,deeponet_skip,mean,0.1390013329506439
0.0001,1e-04,rho_F_repeated_3_steps,deeponet_skip,median,0.12796419960287284
0.0001,1e-04,rho_F_repeated_3_steps,deeponet_skip,std,0.05220928044458771
0.0001,1e-04,rho_F_repeated_3_steps,deeponet_skip,p95,0.2525387851700218
0.0001,1e-04,rho_F_repeated_3_steps,deeponet_skip,max,0.33946532283949166
0.0001,1e-04,rho_F_repeated_3_steps,deeponet_skip,frac_gt_1,0.0
0.0001,1e-04,rho_F_repeated_3_steps,deeponet_skip,mean_energy,0.022036531835329633
0.0001,1e-04,rho_F_repeated_3_steps,deeponet_skip_fourier,n,256
0.0001,1e-04,rho_F_repeated_3_steps,deeponet_skip_fourier,mean,0.08892205388044125
0.0001,1e-04,rho_F_repeated_3_steps,deeponet_skip_fourier,median,0.0854366908816925
0.0001,1e-04,rho_F_repeated_3_steps,deeponet_skip_fourier,std,0.02736183347938373
0.0001,1e-04,rho_F_repeated_3_steps,deeponet_skip_fourier,p95,0.13545586348205868
0.0001,1e-04,rho_F_repeated_3_steps,deeponet_skip_fourier,max,0.2258943439235544
0.0001,1e-04,rho_F_repeated_3_steps,deeponet_skip_fourier,frac_gt_1,0.0
0.0001,1e-04,rho_F_repeated_3_steps,deeponet_skip_fourier,mean_energy,0.008652877105750271
0.0001,1e-04,training,deeponet_plain,best_val_loss,0.8167923606669396
0.0001,1e-04,training,deeponet_plain,best_epoch,3000
0.0001,1e-04,training,deeponet_skip,best_val_loss,0.13305040335676727
0.0001,1e-04,training,deeponet_skip,best_epoch,3000
0.0001,1e-04,training,deeponet_skip,omega_trained,0.6795311697793928
0.0001,1e-04,training,deeponet_skip_fourier,best_val_loss,0.08234047876767887
0.0001,1e-04,training,deeponet_skip_fourier,best_epoch,3000
0.0001,1e-04,training,deeponet_skip_fourier,omega_trained,0.7672567556263323
