method,degree,cycle,dofs,cells,levels,converged,iterations,rate,residual,t_setup,t_assemble,t_pc_setup,t_solve,t_total,algebraic_mb,rss_growth_mb,peak_rss_mb,h1_error,l2_error,linf_error
cg-jacobi,3,0,144,16,1,yes,15,0.1091919714,3.739905307e-15,0.034127724,0.103027982,0.000757135,0.04173637,0.272696398,0.05227375031,7.90234375,216.015625,0.05856167153,0.01616796851,0.005416547414
cg-jacobi,3,1,576,64,2,yes,42,0.5746089635,7.827816728e-11,0.015633655,0.055108119,6.8758e-05,0.03688216,0.251535898,0.2025794983,25.67578125,233.7890625,0.008054036647,0.001114370301,0.0004698007251
cg-jacobi,3,2,2304,256,3,yes,86,0.7639154428,8.747720513e-11,0.014252021,0.165228205,4.4692e-05,0.237949293,0.835121448,0.8001890182,26.5703125,234.6835938,0.001034533605,7.224825094e-05,3.394182932e-05
cg-jacobi,3,3,9216,1024,4,yes,170,0.8724220739,8.385514959e-11,0.047001925,0.7755079,5.2029e-05,1.038908042,3.409755648,3.186166763,30.82421875,238.9375,0.0001302128367,4.567159976e-06,2.174706196e-06
cg-jacobi,3,4,36864,4096,5,yes,338,0.9339295445,9.250615847e-11,0.216759923,2.623318307,9.2754e-05,6.303177741,14.80501328,12.72726536,51.31640625,259.4296875,1.630471525e-05,2.863196471e-07,1.374726395e-07
cg-jacobi,3,5,147456,16384,6,yes,673,0.9662231113,9.059505973e-11,0.972346653,11.20193994,9.49e-05,33.95139599,67.49784929,50.88610077,128.109375,336.2226562,2.038968432e-06,1.790889748e-08,8.606064306e-09
cg-jacobi,3,6,589824,65536,7,no,1000,0.9839775731,9.664960197e-08,3.048103808,44.16625507,0.000106434,179.0847315,309.1697724,203.5180807,430.515625,638.6289062,2.569606181e-07,8.550617991e-09,3.115377512e-09
cg-ssor,3,0,144,16,1,yes,22,0.343386785,6.126870611e-11,0.033939221,0.125285429,0.001571951,0.049764072,0.298746701,0.05227375031,5.734375,214.3476562,0.05856167153,0.01616796851,0.005416547414
cg-ssor,3,1,576,64,2,yes,41,0.56980786,9.657525453e-11,0.026610631,0.121802474,0.000129779,0.103408992,0.416267784,0.2025794983,23.44921875,232.0625,0.008054036647,0.001114370301,0.0004698007251
cg-ssor,3,2,2304,256,3,yes,78,0.7405518896,6.688497428e-11,0.022261247,0.219104056,0.000350886,0.418734626,1.043833712,0.8001890182,24.28125,232.8945312,0.001034533605,7.224825094e-05,3.394184023e-05
cg-ssor,3,3,9216,1024,4,yes,136,0.8441570669,9.852885501e-11,0.054656638,0.723572552,0.000970092,2.041215757,4.182711692,3.186166763,29.015625,237.6289062,0.0001302128367,4.567159976e-06,2.174745077e-06
cg-ssor,3,4,36864,4096,5,yes,260,0.9145865179,8.287942349e-11,0.184765045,2.855803723,0.003371127,14.18084347,22.39925481,12.72726536,51.6171875,260.2304688,1.630471525e-05,2.863196471e-07,1.374863672e-07
cg-ssor,3,5,147456,16384,6,yes,508,0.9556677898,9.90672049e-11,0.776574881,10.83381742,0.012985986,101.6306374,134.2292338,50.88610077,127.828125,336.4414062,2.038968432e-06,1.790891346e-08,8.609846169e-09
cg-ssor,3,6,589824,65536,7,yes,957,0.9762481515,1.021256629e-10,2.941468462,44.94253607,0.073933263,692.5403148,835.595235,203.5180807,451.734375,660.3476562,2.548985378e-07,1.120534665e-09,5.453079099e-10
cg-mg,3,0,144,16,1,yes,1,4.083831612e-15,4.083831612e-15,0.045009036,0.223189155,0.217385058,0.021188251,0.63281569,0.09682941437,20.7109375,228.9335938,0.05856167153,0.01616796851,0.005416547414
cg-mg,3,1,576,64,2,yes,12,0.1286009905,2.046123113e-11,0.02479977,0.271482925,0.165749247,0.196595066,0.884583728,0.4235267639,25.05859375,233.28125,0.008054036647,0.001114370301,0.0004698007251
cg-mg,3,2,2304,256,3,yes,13,0.1543029339,2.811022926e-11,0.030217694,0.676985206,0.185891276,0.566898677,2.029857811,1.724871635,27.05078125,235.2734375,0.001034533605,7.224825094e-05,3.394182932e-05
cg-mg,3,3,9216,1024,4,yes,14,0.1750531787,2.537347903e-11,0.074504856,2.216317334,0.337217957,1.230149182,5.384543464,6.923959732,36.0234375,244.2460938,0.0001302128367,4.567159976e-06,2.174711653e-06
cg-mg,3,4,36864,4096,5,yes,14,0.1900856206,8.040623204e-11,0.219235791,8.650068032,0.540153637,3.99187055,20.38032723,27.71566868,79.98046875,288.203125,1.630471525e-05,2.863196755e-07,1.374764622e-07
cg-mg,3,5,147456,16384,6,yes,15,0.1987880016,2.991248658e-11,0.864950296,31.60507179,1.703470003,16.19907522,76.75681287,110.8751144,224.1367188,432.359375,2.038968432e-06,1.790890103e-08,8.606750868e-09
cg-mg,3,6,589824,65536,7,yes,15,0.2035276636,4.259432184e-11,3.369425103,162.460046,6.185208643,55.92344638,329.6555722,443.5077047,793.1210938,1001.34375,2.548985094e-07,1.119528137e-09,5.388050006e-10
mg-solver,3,0,144,16,1,yes,1,3.997186796e-15,3.997186796e-15,0.036088176,0.191632598,0.162311599,0.005744324,0.486701529,0.09682941437,25.25,232.3476562,0.05856167153,0.01616796851,0.005416547414
mg-solver,3,1,576,64,2,yes,23,0.3607971698,6.562235465e-11,0.016725042,0.173410733,0.139497624,0.25530267,0.73202807,0.4235267639,26.6171875,233.7148438,0.008054036647,0.001114370301,0.0004698007251
mg-solver,3,2,2304,256,3,yes,26,0.407845371,7.462493656e-11,0.028422285,0.506567812,0.160000944,0.851292884,2.04345973,1.724871635,28.77734375,235.875,0.001034533605,7.224825094e-05,3.394182932e-05
mg-solver,3,3,9216,1024,4,yes,30,0.4621757994,8.794598825e-11,0.067373237,2.377956623,0.268221413,2.556233772,7.086810294,6.923959732,38.59765625,245.6953125,0.0001302128367,4.567159976e-06,2.174711426e-06
mg-solver,3,4,36864,4096,5,yes,32,0.4791348163,5.951786696e-11,0.24469061,7.846951708,0.47775976,8.252761119,23.50229623,27.71566868,77.46875,284.5664062,1.630471525e-05,2.863196471e-07,1.37475709e-07
mg-solver,3,5,147456,16384,6,yes,31,0.4742680803,9.051921641e-11,1.035432697,36.91430579,1.707356677,30.29103248,94.58201772,110.8751144,227.8164062,434.9140625,2.038968432e-06,1.790889748e-08,8.606538593e-09
mg-solver,3,6,589824,65536,7,yes,31,0.4720141133,7.809163441e-11,3.085430757,126.6439114,5.856393916,108.4869022,335.6140207,443.5077047,832.9765625,1040.074219,2.548985094e-07,1.119527249e-09,5.386184831e-10
direct-umfpack,3,0,144,16,1,yes,1,5.849385388e-16,5.849385388e-16,0.046266728,0.148466669,0.130288378,0.00509782,0.416714892,0.05227375031,23.8125,230.265625,0.05856167153,0.01616796851,0.005416547414
direct-umfpack,3,1,576,64,2,yes,1,3.611421633e-15,3.611421633e-15,0.0154054,0.07699336,0.068478129,0.006016623,0.314599217,0.2025794983,27.7890625,234.2421875,0.008054036647,0.001114370301,0.0004698007251
direct-umfpack,3,2,2304,256,3,yes,1,1.27453312e-14,1.27453312e-14,0.018818386,0.22480541,0.375176876,0.023737278,1.137375714,0.8001890182,36.43359375,242.8867188,0.001034533605,7.224825094e-05,3.394182932e-05
direct-umfpack,3,3,9216,1024,4,yes,1,5.409773421e-14,5.409773421e-14,0.067982849,0.958793619,1.869891529,0.165487567,4.393877101,3.186166763,71.62109375,278.0742188,0.0001302128367,4.567159522e-06,2.174711199e-06
direct-umfpack,3,4,36864,4096,5,yes,1,2.145902887e-13,2.145902887e-13,0.184233127,2.767816122,10.93243014,0.563657355,19.65635806,12.72726536,224.4648438,430.9179688,1.630471525e-05,2.863196471e-07,1.374756948e-07
direct-umfpack,3,5,147456,16384,6,yes,1,8.557404059e-13,8.557404059e-13,0.767548978,11.39501166,85.34810357,2.680501845,124.2893117,50.88610077,829.6210938,1036.074219,2.038968432e-06,1.790889748e-08,8.606519941e-09
direct-umfpack,3,6,589824,65536,7,yes,1,3.428755571e-12,3.428755571e-12,2.927462532,49.89644795,641.0533106,10.96940576,800.3709534,203.5180807,3347.324219,3553.777344,2.548985094e-07,1.119527249e-09,5.386194823e-10
