epoch,train_loss,val_loss,learning_rate
1.000000000000000000e+00,4.888849098682403471e-01,4.184424870014190612e-01,5.000000000000000240e-05
2.000000000000000000e+00,3.414906244277954306e-01,3.585443491935729754e-01,5.000000000000000240e-05
3.000000000000000000e+00,2.801611137390136452e-01,3.243390884399414142e-01,5.000000000000000240e-05
4.000000000000000000e+00,2.414101557731628545e-01,3.006935296058654838e-01,5.000000000000000240e-05
5.000000000000000000e+00,2.134420197010040154e-01,2.826839804649353138e-01,5.000000000000000240e-05
6.000000000000000000e+00,1.918603326082229665e-01,2.683894853591918817e-01,5.000000000000000240e-05
7.000000000000000000e+00,1.747322143316268894e-01,2.566694386005401451e-01,5.000000000000000240e-05
8.000000000000000000e+00,1.603332011699676596e-01,2.463316466808319061e-01,5.000000000000000240e-05
9.000000000000000000e+00,1.485667921304702765e-01,2.374479035139083760e-01,5.000000000000000240e-05
1.000000000000000000e+01,1.383597341775894274e-01,2.296679966449737542e-01,5.000000000000000240e-05
1.100000000000000000e+01,1.294058138728141905e-01,2.222460165023803780e-01,5.000000000000000240e-05
1.200000000000000000e+01,1.213443968296051001e-01,2.156308784484863295e-01,5.000000000000000240e-05
1.300000000000000000e+01,1.144009817838668869e-01,2.098192930221557673e-01,5.000000000000000240e-05
1.400000000000000000e+01,1.080651679635047935e-01,2.042141128778457715e-01,5.000000000000000240e-05
1.500000000000000000e+01,1.021916084885597237e-01,1.990130569934845106e-01,5.000000000000000240e-05
1.600000000000000000e+01,9.713108640909194624e-02,1.944219954013824414e-01,5.000000000000000240e-05
1.700000000000000000e+01,9.266833329200745151e-02,1.897040283679962136e-01,5.000000000000000240e-05
1.800000000000000000e+01,8.821272981166840277e-02,1.854306761026382477e-01,5.000000000000000240e-05
1.900000000000000000e+01,8.422319138050080034e-02,1.814303781986236486e-01,5.000000000000000240e-05
2.000000000000000000e+01,8.068986767530440807e-02,1.776919902563094955e-01,5.000000000000000240e-05
2.100000000000000000e+01,7.727628111839295044e-02,1.741617099046707251e-01,5.000000000000000240e-05
2.200000000000000000e+01,7.402417498826981135e-02,1.707690691947937045e-01,5.000000000000000240e-05
2.300000000000000000e+01,7.124892932176589422e-02,1.675764375925063998e-01,5.000000000000000240e-05
2.400000000000000000e+01,6.848035430908203103e-02,1.644319025278091484e-01,5.000000000000000240e-05
2.500000000000000000e+01,6.573474597930907548e-02,1.614175066947937109e-01,5.000000000000000240e-05
2.600000000000000000e+01,6.338300341367721080e-02,1.587045632600784240e-01,5.000000000000000240e-05
2.700000000000000000e+01,6.116780436038971036e-02,1.560859680175781250e-01,5.000000000000000240e-05
2.800000000000000000e+01,5.894234699010848788e-02,1.535402115583419935e-01,5.000000000000000240e-05
2.900000000000000000e+01,5.694179734587669073e-02,1.509627031087875382e-01,5.000000000000000240e-05
3.000000000000000000e+01,5.513403752446174866e-02,1.486519231796264717e-01,5.000000000000000240e-05
3.100000000000000000e+01,5.330786272883415028e-02,1.462750735282898062e-01,5.000000000000000240e-05
3.200000000000000000e+01,5.156913426518440480e-02,1.440598838329315290e-01,5.000000000000000240e-05
3.300000000000000000e+01,4.994715887308120994e-02,1.420913994312286432e-01,5.000000000000000240e-05
3.400000000000000000e+01,4.853236994147300948e-02,1.400156981945037959e-01,5.000000000000000240e-05
3.500000000000000000e+01,4.694792467355728138e-02,1.380268899202346800e-01,5.000000000000000240e-05
3.600000000000000000e+01,4.554110825061798151e-02,1.361355967521667432e-01,5.000000000000000240e-05
3.700000000000000000e+01,4.418018472194671503e-02,1.341904776096344010e-01,5.000000000000000240e-05
3.800000000000000000e+01,4.300772807002067877e-02,1.324521065950393650e-01,5.000000000000000240e-05
3.900000000000000000e+01,4.170578461885452587e-02,1.307330949306488022e-01,5.000000000000000240e-05
4.000000000000000000e+01,4.048130464553832686e-02,1.289970452785491883e-01,5.000000000000000240e-05
4.100000000000000000e+01,3.944020068645476967e-02,1.273606848716735962e-01,5.000000000000000240e-05
4.200000000000000000e+01,3.835986563563346941e-02,1.257925419807434109e-01,5.000000000000000240e-05
4.300000000000000000e+01,3.725554144382476479e-02,1.242656908035278257e-01,5.000000000000000240e-05
4.400000000000000000e+01,3.640280821919441440e-02,1.227823117971420241e-01,5.000000000000000240e-05
4.500000000000000000e+01,3.540453067421912847e-02,1.212769509553909275e-01,5.000000000000000240e-05
4.600000000000000000e+01,3.446473017334938244e-02,1.198701092004775953e-01,5.000000000000000240e-05
4.700000000000000000e+01,3.361260297894477778e-02,1.184371360540390078e-01,5.000000000000000240e-05
4.800000000000000000e+01,3.277044430375099238e-02,1.170879671573638869e-01,5.000000000000000240e-05
4.900000000000000000e+01,3.192954510450363159e-02,1.157991454601287884e-01,5.000000000000000240e-05
5.000000000000000000e+01,3.118193799257278423e-02,1.145238133668899511e-01,5.000000000000000240e-05
5.100000000000000000e+01,3.041530045866966403e-02,1.132348731160163907e-01,5.000000000000000240e-05
5.200000000000000000e+01,2.976411804556846480e-02,1.120423872470855675e-01,5.000000000000000240e-05
5.300000000000000000e+01,2.901122160255908966e-02,1.108461699485778773e-01,5.000000000000000240e-05
5.400000000000000000e+01,2.826862488687038530e-02,1.096669346094131525e-01,5.000000000000000240e-05
5.500000000000000000e+01,2.762368214130401720e-02,1.085200701951980623e-01,5.000000000000000240e-05
5.600000000000000000e+01,2.696117097139358668e-02,1.073768093585968086e-01,5.000000000000000240e-05
5.700000000000000000e+01,2.646676407754421090e-02,1.063664389848709146e-01,5.000000000000000240e-05
5.800000000000000000e+01,2.569453245401382563e-02,1.052370228171348593e-01,5.000000000000000240e-05
5.900000000000000000e+01,2.520260006189346466e-02,1.041771430969238299e-01,5.000000000000000240e-05
6.000000000000000000e+01,2.467427703738212658e-02,1.032195728421211184e-01,5.000000000000000240e-05
6.100000000000000000e+01,2.413549916446209101e-02,1.021628644466400088e-01,5.000000000000000240e-05
6.200000000000000000e+01,2.363234429061412956e-02,1.011554027795791566e-01,5.000000000000000240e-05
6.300000000000000000e+01,2.308648142218589633e-02,1.001887772679328908e-01,5.000000000000000240e-05
6.400000000000000000e+01,2.260431662201881423e-02,9.922598403692245439e-02,5.000000000000000240e-05
6.500000000000000000e+01,2.218414092063903872e-02,9.831843435764313355e-02,5.000000000000000240e-05
6.600000000000000000e+01,2.173588679730892315e-02,9.739584273099899381e-02,5.000000000000000240e-05
6.700000000000000000e+01,2.120285910367965612e-02,9.650778585672378784e-02,5.000000000000000240e-05
6.800000000000000000e+01,2.079515331983566168e-02,9.563268423080444058e-02,5.000000000000000240e-05
6.900000000000000000e+01,2.035992823541164440e-02,9.474934929609299394e-02,5.000000000000000240e-05
7.000000000000000000e+01,1.996408800780773152e-02,9.389195638895034279e-02,5.000000000000000240e-05
7.100000000000000000e+01,1.960351966321468437e-02,9.309853756427764748e-02,5.000000000000000240e-05
7.200000000000000000e+01,1.922421236336231340e-02,9.227075976133346236e-02,5.000000000000000240e-05
7.300000000000000000e+01,1.885694466531276717e-02,9.137724173069000644e-02,5.000000000000000240e-05
7.400000000000000000e+01,1.850410740077495717e-02,9.064390558004378762e-02,5.000000000000000240e-05
7.500000000000000000e+01,1.817301531136035833e-02,8.988783884048462403e-02,5.000000000000000240e-05
7.600000000000000000e+01,1.783213204145431621e-02,8.909008020162582919e-02,5.000000000000000240e-05
7.700000000000000000e+01,1.752709448337554793e-02,8.835929751396179310e-02,5.000000000000000240e-05
7.800000000000000000e+01,1.705624976754188671e-02,8.754031556844711626e-02,5.000000000000000240e-05
7.900000000000000000e+01,1.676453082263469618e-02,8.685047787427901955e-02,5.000000000000000240e-05
8.000000000000000000e+01,1.656107598543167178e-02,8.611110109090805431e-02,5.000000000000000240e-05
8.100000000000000000e+01,1.622040432691574177e-02,8.543533217906952582e-02,5.000000000000000240e-05
8.200000000000000000e+01,1.595280826091766482e-02,8.477018469572067394e-02,5.000000000000000240e-05
8.300000000000000000e+01,1.562847809493541837e-02,8.403507548570632313e-02,5.000000000000000240e-05
8.400000000000000000e+01,1.530495321005582825e-02,8.342457532882691096e-02,5.000000000000000240e-05
8.500000000000000000e+01,1.505358445644378734e-02,8.271450871229171775e-02,5.000000000000000240e-05
8.600000000000000000e+01,1.481526611745357519e-02,8.198213177919387584e-02,5.000000000000000240e-05
8.700000000000000000e+01,1.453352278470993082e-02,8.143058609962462724e-02,5.000000000000000240e-05
8.800000000000000000e+01,1.428514082729816399e-02,8.074108868837356900e-02,5.000000000000000240e-05
8.900000000000000000e+01,1.398175290226936346e-02,8.013248264789581132e-02,5.000000000000000240e-05
9.000000000000000000e+01,1.381519934535026597e-02,7.953720074892044190e-02,5.000000000000000240e-05
9.100000000000000000e+01,1.360772719234228101e-02,7.894804871082305997e-02,5.000000000000000240e-05
9.200000000000000000e+01,1.336546485126018438e-02,7.833027505874633201e-02,5.000000000000000240e-05
9.300000000000000000e+01,1.314733509719371793e-02,7.773765450716019210e-02,5.000000000000000240e-05
9.400000000000000000e+01,1.295060386508703303e-02,7.718414652347564686e-02,5.000000000000000240e-05
9.500000000000000000e+01,1.275560815632343324e-02,7.664660412073134865e-02,5.000000000000000240e-05
9.600000000000000000e+01,1.256861190497875203e-02,7.609998261928557772e-02,5.000000000000000240e-05
9.700000000000000000e+01,1.236482445150613799e-02,7.545049476623534590e-02,5.000000000000000240e-05
9.800000000000000000e+01,1.219044816493988076e-02,7.501289570331573509e-02,5.000000000000000240e-05
9.900000000000000000e+01,1.206567864120006509e-02,7.443657666444777887e-02,5.000000000000000240e-05
1.000000000000000000e+02,1.184116111695766513e-02,7.389243781566619262e-02,5.000000000000000240e-05
1.010000000000000000e+02,1.161522254347801229e-02,7.341177392005920899e-02,5.000000000000000240e-05
1.020000000000000000e+02,1.144119857251644189e-02,7.283761709928512906e-02,5.000000000000000240e-05
1.030000000000000000e+02,1.122841238230466894e-02,7.238577586412429932e-02,5.000000000000000240e-05
1.040000000000000000e+02,1.112230657041072927e-02,7.181440538167953302e-02,5.000000000000000240e-05
1.050000000000000000e+02,1.094810009747743638e-02,7.133431512117385798e-02,5.000000000000000240e-05
1.060000000000000000e+02,1.080458093434572171e-02,7.094408673048019365e-02,5.000000000000000240e-05
1.070000000000000000e+02,1.066040691733360218e-02,7.043110978603363270e-02,5.000000000000000240e-05
1.080000000000000000e+02,1.050793685019016203e-02,6.997982722520827703e-02,5.000000000000000240e-05
1.090000000000000000e+02,1.033068090677261366e-02,6.952692049741744651e-02,5.000000000000000240e-05
1.100000000000000000e+02,1.012801039963960592e-02,6.901653969287872836e-02,5.000000000000000240e-05
1.110000000000000000e+02,1.001981402933597651e-02,6.856435388326645453e-02,5.000000000000000240e-05
1.120000000000000000e+02,9.931630447506905116e-03,6.818839567899703802e-02,5.000000000000000240e-05
1.130000000000000000e+02,9.816504284739494338e-03,6.770616114139556274e-02,5.000000000000000240e-05
1.140000000000000000e+02,9.674078553915024109e-03,6.728647583723068593e-02,5.000000000000000240e-05
1.150000000000000000e+02,9.538654409348965024e-03,6.690193033218383434e-02,5.000000000000000240e-05
1.160000000000000000e+02,9.444486021995544475e-03,6.649946987628936601e-02,5.000000000000000240e-05
1.170000000000000000e+02,9.270852252840995969e-03,6.602445650100707830e-02,5.000000000000000240e-05
1.180000000000000000e+02,9.195102661848067807e-03,6.564221626520157227e-02,5.000000000000000240e-05
1.190000000000000000e+02,9.088925279676914742e-03,6.520052754878997991e-02,5.000000000000000240e-05
1.200000000000000000e+02,8.985941052436828211e-03,6.483575612306595459e-02,5.000000000000000240e-05
1.210000000000000000e+02,8.935021579265595149e-03,6.446957516670226429e-02,5.000000000000000240e-05
1.220000000000000000e+02,8.785128250718116094e-03,6.404853814840316684e-02,5.000000000000000240e-05
1.230000000000000000e+02,8.679950192570685605e-03,6.368157362937927612e-02,5.000000000000000240e-05
1.240000000000000000e+02,8.616500660777091924e-03,6.331619387865065895e-02,5.000000000000000240e-05
1.250000000000000000e+02,8.499151907861232300e-03,6.295913761854171620e-02,5.000000000000000240e-05
1.260000000000000000e+02,8.358710892498493611e-03,6.259005504846572310e-02,5.000000000000000240e-05
1.270000000000000000e+02,8.284782610833645033e-03,6.227615076303481823e-02,5.000000000000000240e-05
1.280000000000000000e+02,8.209569729864597473e-03,6.183870673179626271e-02,5.000000000000000240e-05
1.290000000000000000e+02,8.113675452768802365e-03,6.154270011186599443e-02,5.000000000000000240e-05
1.300000000000000000e+02,8.037827633321285165e-03,6.119343975186347651e-02,5.000000000000000240e-05
1.310000000000000000e+02,7.904001235961913979e-03,6.081762731075286699e-02,5.000000000000000240e-05
1.320000000000000000e+02,7.810777887701987957e-03,6.051271912455558760e-02,5.000000000000000240e-05
1.330000000000000000e+02,7.730056405067443903e-03,6.016072043776512362e-02,5.000000000000000240e-05
1.340000000000000000e+02,7.670743659138679234e-03,5.983364751935005277e-02,5.000000000000000240e-05
1.350000000000000000e+02,7.589719224721193022e-03,5.949727636575698891e-02,5.000000000000000240e-05
1.360000000000000000e+02,7.469198875129223238e-03,5.918287280201912220e-02,5.000000000000000240e-05
1.370000000000000000e+02,7.444713920354843056e-03,5.888731104135513233e-02,5.000000000000000240e-05
1.380000000000000000e+02,7.342014074325561336e-03,5.851980996131896789e-02,5.000000000000000240e-05
1.390000000000000000e+02,7.235676273703575342e-03,5.826095372438430675e-02,5.000000000000000240e-05
1.400000000000000000e+02,7.187999196350574292e-03,5.800401559472084106e-02,5.000000000000000240e-05
1.410000000000000000e+02,7.142050333321094298e-03,5.765071526169776583e-02,5.000000000000000240e-05
1.420000000000000000e+02,7.120301179587841013e-03,5.737003672122955450e-02,5.000000000000000240e-05
1.430000000000000000e+02,7.057063385844230402e-03,5.709985902905464344e-02,5.000000000000000240e-05
1.440000000000000000e+02,6.953250460326671975e-03,5.673408806324005405e-02,5.000000000000000240e-05
1.450000000000000000e+02,6.908111076802015034e-03,5.662143296003342013e-02,5.000000000000000240e-05
1.460000000000000000e+02,6.764544662088155941e-03,5.617998474836349149e-02,5.000000000000000240e-05
1.470000000000000000e+02,6.703665114939212806e-03,5.594305077195167730e-02,5.000000000000000240e-05
1.480000000000000000e+02,6.658284492790699297e-03,5.565229997038841081e-02,5.000000000000000240e-05
1.490000000000000000e+02,6.638670451939106092e-03,5.542673370242118952e-02,5.000000000000000240e-05
1.500000000000000000e+02,6.594968512654304088e-03,5.512387883663177196e-02,5.000000000000000240e-05
1.510000000000000000e+02,6.541226491332053847e-03,5.489711081981658858e-02,5.000000000000000240e-05
1.520000000000000000e+02,6.499591965228319022e-03,5.461516666412353366e-02,5.000000000000000240e-05
1.530000000000000000e+02,6.397511381655931507e-03,5.436220717430114563e-02,5.000000000000000240e-05
1.540000000000000000e+02,6.385060839354992322e-03,5.411358252167701444e-02,5.000000000000000240e-05
1.550000000000000000e+02,6.281049795448780115e-03,5.378824934363365257e-02,5.000000000000000240e-05
1.560000000000000000e+02,6.240368306636810171e-03,5.364953765273094283e-02,5.000000000000000240e-05
1.570000000000000000e+02,6.225291658192872585e-03,5.338201645016669994e-02,5.000000000000000240e-05
1.580000000000000000e+02,6.159018713980913065e-03,5.316392153501510454e-02,5.000000000000000240e-05
1.590000000000000000e+02,6.118780449032783925e-03,5.285410320758819613e-02,5.000000000000000240e-05
1.600000000000000000e+02,6.027750473469495503e-03,5.262554797530174383e-02,5.000000000000000240e-05
1.610000000000000000e+02,5.973053622990846280e-03,5.247677272558212008e-02,5.000000000000000240e-05
1.620000000000000000e+02,5.900634117424487755e-03,5.216872218251228377e-02,5.000000000000000240e-05
1.630000000000000000e+02,5.842691756784915667e-03,5.197795015573501709e-02,5.000000000000000240e-05
1.640000000000000000e+02,5.829633504152297897e-03,5.173064118623733193e-02,5.000000000000000240e-05
1.650000000000000000e+02,5.868011154234409332e-03,5.155429542064667026e-02,5.000000000000000240e-05
1.660000000000000000e+02,5.842600144445896093e-03,5.136313077807426464e-02,5.000000000000000240e-05
1.670000000000000000e+02,5.689964387565851420e-03,5.107078802585601762e-02,5.000000000000000240e-05
1.680000000000000000e+02,5.702862933278083669e-03,5.087246438860893588e-02,5.000000000000000240e-05
1.690000000000000000e+02,5.677722562104463300e-03,5.068211898207664740e-02,5.000000000000000240e-05
1.700000000000000000e+02,5.606447245925664895e-03,5.044159910082816889e-02,5.000000000000000240e-05
1.710000000000000000e+02,5.584492910653353001e-03,5.024035525321960544e-02,5.000000000000000240e-05
1.720000000000000000e+02,5.533321324735879579e-03,5.006084153056144376e-02,5.000000000000000240e-05
1.730000000000000000e+02,5.487771734595298448e-03,4.986588031053543202e-02,5.000000000000000240e-05
1.740000000000000000e+02,5.474039264023304076e-03,4.961922615766525130e-02,5.000000000000000240e-05
1.750000000000000000e+02,5.410255912691354883e-03,4.950976434350013583e-02,5.000000000000000240e-05
1.760000000000000000e+02,5.357675816863775517e-03,4.919672888517379744e-02,5.000000000000000240e-05
1.770000000000000000e+02,5.335003755986690403e-03,4.900244203209876831e-02,5.000000000000000240e-05
1.780000000000000000e+02,5.346041917800903147e-03,4.887283900380134244e-02,5.000000000000000240e-05
1.790000000000000000e+02,5.358893066644668940e-03,4.872271355986595304e-02,5.000000000000000240e-05
1.800000000000000000e+02,5.251514926552772536e-03,4.843658444285392495e-02,5.000000000000000240e-05
1.810000000000000000e+02,5.255412850528955529e-03,4.834015908837318437e-02,5.000000000000000240e-05
1.820000000000000000e+02,5.204470649361610593e-03,4.812107241153717324e-02,5.000000000000000240e-05
1.830000000000000000e+02,5.158471465110778427e-03,4.788959673047065574e-02,5.000000000000000240e-05
1.840000000000000000e+02,5.151879042387008667e-03,4.779654788970947449e-02,5.000000000000000240e-05
1.850000000000000000e+02,5.128426901996135934e-03,4.750163263082504000e-02,5.000000000000000240e-05
1.860000000000000000e+02,5.039163738489151056e-03,4.740687859058380360e-02,5.000000000000000240e-05
1.870000000000000000e+02,5.019407823681831110e-03,4.713726195693015986e-02,5.000000000000000240e-05
1.880000000000000000e+02,4.983065657317638751e-03,4.702447539567947143e-02,5.000000000000000240e-05
1.890000000000000000e+02,4.947430193424224611e-03,4.672528180480003263e-02,5.000000000000000240e-05
1.900000000000000000e+02,4.971116513013839992e-03,4.671033480763435441e-02,5.000000000000000240e-05
1.910000000000000000e+02,4.905734293162823147e-03,4.653572866320609958e-02,5.000000000000000240e-05
1.920000000000000000e+02,4.932644225656986070e-03,4.631841880083083923e-02,5.000000000000000240e-05
1.930000000000000000e+02,4.848349910229444830e-03,4.609813103079795499e-02,5.000000000000000240e-05
1.940000000000000000e+02,4.868878953158855757e-03,4.602462768554687472e-02,5.000000000000000240e-05
1.950000000000000000e+02,4.860213212668895895e-03,4.579517877101898365e-02,5.000000000000000240e-05
1.960000000000000000e+02,4.844578236341476329e-03,4.571727642416954090e-02,5.000000000000000240e-05
1.970000000000000000e+02,4.778298646211624409e-03,4.550123819708824097e-02,5.000000000000000240e-05
1.980000000000000000e+02,4.729640193283557795e-03,4.537859317660331709e-02,5.000000000000000240e-05
1.990000000000000000e+02,4.700045168399810507e-03,4.518209192156791981e-02,5.000000000000000240e-05
2.000000000000000000e+02,4.672585196793079161e-03,4.499999591708183505e-02,5.000000000000000240e-05
2.010000000000000000e+02,4.681046620011329942e-03,4.486049720644950944e-02,5.000000000000000240e-05
2.020000000000000000e+02,4.654059194028377887e-03,4.465627104043960738e-02,5.000000000000000240e-05
2.030000000000000000e+02,4.631030693650245271e-03,4.449646505713462930e-02,5.000000000000000240e-05
2.040000000000000000e+02,4.581331722438335835e-03,4.442921724915504383e-02,5.000000000000000240e-05
2.050000000000000000e+02,4.567967366427182901e-03,4.424935540556907548e-02,5.000000000000000240e-05
2.060000000000000000e+02,4.528942540287971691e-03,4.407672971487044955e-02,5.000000000000000240e-05
2.070000000000000000e+02,4.547789085656404710e-03,4.399084961414337358e-02,5.000000000000000240e-05
2.080000000000000000e+02,4.563974797725677338e-03,4.379327115416526556e-02,5.000000000000000240e-05
2.090000000000000000e+02,4.456094171851873731e-03,4.364001840353012168e-02,5.000000000000000240e-05
2.100000000000000000e+02,4.455318585038185210e-03,4.351641017198562555e-02,5.000000000000000240e-05
2.110000000000000000e+02,4.452144235372543397e-03,4.338284990191459967e-02,5.000000000000000240e-05
2.120000000000000000e+02,4.424541469663381688e-03,4.324671834707260326e-02,5.000000000000000240e-05
2.130000000000000000e+02,4.428583219647407726e-03,4.310949826240539212e-02,5.000000000000000240e-05
2.140000000000000000e+02,4.397914431989192845e-03,4.294820058345794750e-02,5.000000000000000240e-05
2.150000000000000000e+02,4.362798430025577844e-03,4.278081125020980618e-02,5.000000000000000240e-05
2.160000000000000000e+02,4.353907801210880370e-03,4.266657933592796215e-02,5.000000000000000240e-05
2.170000000000000000e+02,4.384740617126226675e-03,4.253640070557593994e-02,5.000000000000000240e-05
2.180000000000000000e+02,4.321982774883508308e-03,4.243105152249336542e-02,5.000000000000000240e-05
2.190000000000000000e+02,4.272491246461868064e-03,4.222828894853591919e-02,5.000000000000000240e-05
2.200000000000000000e+02,4.263203423470258990e-03,4.209045863151550382e-02,5.000000000000000240e-05
2.210000000000000000e+02,4.291566729545593338e-03,4.198802575469016973e-02,5.000000000000000240e-05
2.220000000000000000e+02,4.234414726495742617e-03,4.183031839132309027e-02,5.000000000000000240e-05
2.230000000000000000e+02,4.168692916631698379e-03,4.172678297758102700e-02,5.000000000000000240e-05
2.240000000000000000e+02,4.157361209392547614e-03,4.153725033998489219e-02,5.000000000000000240e-05
2.250000000000000000e+02,4.112861324101686235e-03,4.146683961153030396e-02,5.000000000000000240e-05
2.260000000000000000e+02,4.093899924308061315e-03,4.129074487090110546e-02,5.000000000000000240e-05
2.270000000000000000e+02,4.101764660328626778e-03,4.118205079436302457e-02,5.000000000000000240e-05
2.280000000000000000e+02,4.040165305137633986e-03,4.107517328858375366e-02,5.000000000000000240e-05
2.290000000000000000e+02,4.053724315017461638e-03,4.099435654282569674e-02,5.000000000000000240e-05
2.300000000000000000e+02,4.069874271750450502e-03,4.084260055422783003e-02,5.000000000000000240e-05
2.310000000000000000e+02,4.057197064161300638e-03,4.073828414082527466e-02,5.000000000000000240e-05
2.320000000000000000e+02,4.034733340144157181e-03,4.058285507559776517e-02,5.000000000000000240e-05
2.330000000000000000e+02,3.996330227702855897e-03,4.052451625466346741e-02,5.000000000000000240e-05
2.340000000000000000e+02,4.028817649930715658e-03,4.040855401754379211e-02,5.000000000000000240e-05
2.350000000000000000e+02,3.980473782867192944e-03,4.026247727870941456e-02,5.000000000000000240e-05
2.360000000000000000e+02,3.948440469801426170e-03,4.012623810768127519e-02,5.000000000000000240e-05
2.370000000000000000e+02,3.967235602438450200e-03,3.999961254000664046e-02,5.000000000000000240e-05
2.380000000000000000e+02,3.931199278682470134e-03,3.983888342976570074e-02,5.000000000000000240e-05
2.390000000000000000e+02,3.928981535136699503e-03,3.978502807021141313e-02,5.000000000000000240e-05
2.400000000000000000e+02,3.936993516981601368e-03,3.966203466057777183e-02,5.000000000000000240e-05
2.410000000000000000e+02,3.916456330567598051e-03,3.949547019600867931e-02,5.000000000000000240e-05
2.420000000000000000e+02,3.903583709150552916e-03,3.944752782583236389e-02,5.000000000000000240e-05
2.430000000000000000e+02,3.885254420340061247e-03,3.934877428412437289e-02,5.000000000000000240e-05
2.440000000000000000e+02,3.887439992278814149e-03,3.916837865114212308e-02,5.000000000000000240e-05
2.450000000000000000e+02,3.851947167888283667e-03,3.908394372463225991e-02,5.000000000000000240e-05
2.460000000000000000e+02,3.799382783472538168e-03,3.890069481730461243e-02,5.000000000000000240e-05
2.470000000000000000e+02,3.790367014706134963e-03,3.888966086506843306e-02,5.000000000000000240e-05
2.480000000000000000e+02,3.805654712021351062e-03,3.876019179821014321e-02,5.000000000000000240e-05
2.490000000000000000e+02,3.802286565303802674e-03,3.866842481493949768e-02,5.000000000000000240e-05
2.500000000000000000e+02,3.723838061094283860e-03,3.852581205964088207e-02,5.000000000000000240e-05
2.510000000000000000e+02,3.728877076879143909e-03,3.843180763721466137e-02,5.000000000000000240e-05
2.520000000000000000e+02,3.694133765995502323e-03,3.833447661995887518e-02,5.000000000000000240e-05
2.530000000000000000e+02,3.729795642197132003e-03,3.825311073660850325e-02,5.000000000000000240e-05
2.540000000000000000e+02,3.715996451675892057e-03,3.811939227581024464e-02,5.000000000000000240e-05
2.550000000000000000e+02,3.719544485211372358e-03,3.800854039192199524e-02,5.000000000000000240e-05
2.560000000000000000e+02,3.750603381544351592e-03,3.796503648161888428e-02,5.000000000000000240e-05
2.570000000000000000e+02,3.740865215659141488e-03,3.787724554538726696e-02,5.000000000000000240e-05
2.580000000000000000e+02,3.688508138060569552e-03,3.773800566792488015e-02,5.000000000000000240e-05
2.590000000000000000e+02,3.663479236885905290e-03,3.762736821174621910e-02,5.000000000000000240e-05
2.600000000000000000e+02,3.614025682210922179e-03,3.743937554955482222e-02,5.000000000000000240e-05
2.610000000000000000e+02,3.625210441648960263e-03,3.741438511013985002e-02,5.000000000000000240e-05
2.620000000000000000e+02,3.640667326748371190e-03,3.726452869176864746e-02,5.000000000000000240e-05
2.630000000000000000e+02,3.600792918354272631e-03,3.717181125283241377e-02,5.000000000000000240e-05
2.640000000000000000e+02,3.609749037772416909e-03,3.708203193545341753e-02,5.000000000000000240e-05
2.650000000000000000e+02,3.620732255280017815e-03,3.702658900618552990e-02,5.000000000000000240e-05
2.660000000000000000e+02,3.606124032288789746e-03,3.689766028523445290e-02,5.000000000000000240e-05
2.670000000000000000e+02,3.559307605028152414e-03,3.674288851022720209e-02,5.000000000000000240e-05
2.680000000000000000e+02,3.569891206920146765e-03,3.671655523777007935e-02,5.000000000000000240e-05
2.690000000000000000e+02,3.511969313025474666e-03,3.658377143740654258e-02,5.000000000000000240e-05
2.700000000000000000e+02,3.526365373283624552e-03,3.657816469669342152e-02,5.000000000000000240e-05
2.710000000000000000e+02,3.517478726804256633e-03,3.639992058277129877e-02,5.000000000000000240e-05
2.720000000000000000e+02,3.473740691319108197e-03,3.632327714562415960e-02,5.000000000000000240e-05
2.730000000000000000e+02,3.458951212465762905e-03,3.618213057518005621e-02,5.000000000000000240e-05
2.740000000000000000e+02,3.451143894344568287e-03,3.617176470160484575e-02,5.000000000000000240e-05
2.750000000000000000e+02,3.456913005560636413e-03,3.604624179005622847e-02,5.000000000000000240e-05
2.760000000000000000e+02,3.477310564368963405e-03,3.593749731779098677e-02,5.000000000000000240e-05
2.770000000000000000e+02,3.459894146770239008e-03,3.584647777676581992e-02,5.000000000000000240e-05
2.780000000000000000e+02,3.424704298377037257e-03,3.574385935068130626e-02,5.000000000000000240e-05
2.790000000000000000e+02,3.445776637643575748e-03,3.566651114821434154e-02,5.000000000000000240e-05
2.800000000000000000e+02,3.433100339025258949e-03,3.557591602206230247e-02,5.000000000000000240e-05
2.810000000000000000e+02,3.372872453182935906e-03,3.544112211465835771e-02,5.000000000000000240e-05
2.820000000000000000e+02,3.380355827510356931e-03,3.544376751780509843e-02,5.000000000000000240e-05
2.830000000000000000e+02,3.382612891495228018e-03,3.533621194958686679e-02,5.000000000000000240e-05
2.840000000000000000e+02,3.352498684078455103e-03,3.524053752422332680e-02,5.000000000000000240e-05
2.850000000000000000e+02,3.354968609288334902e-03,3.515973114967346075e-02,5.000000000000000240e-05
2.860000000000000000e+02,3.320013813674449997e-03,3.505222865939140037e-02,5.000000000000000240e-05
2.870000000000000000e+02,3.312071893364190982e-03,3.497871810197829973e-02,5.000000000000000240e-05
2.880000000000000000e+02,3.335260940715670773e-03,3.484107455611228782e-02,5.000000000000000240e-05
2.890000000000000000e+02,3.302541049197316343e-03,3.484684559702873330e-02,5.000000000000000240e-05
2.900000000000000000e+02,3.279751008376479218e-03,3.472107928991317871e-02,5.000000000000000240e-05
2.910000000000000000e+02,3.299234364181757081e-03,3.466856232285499273e-02,5.000000000000000240e-05
2.920000000000000000e+02,3.326811555773019884e-03,3.456128564476966536e-02,5.000000000000000240e-05
2.930000000000000000e+02,3.335883209481835514e-03,3.449779817461967601e-02,5.000000000000000240e-05
2.940000000000000000e+02,3.310721676796674669e-03,3.441266423463821417e-02,5.000000000000000240e-05
2.950000000000000000e+02,3.279081612825393826e-03,3.437314635515213018e-02,5.000000000000000240e-05
2.960000000000000000e+02,3.220841515809297513e-03,3.424257960915565169e-02,5.000000000000000240e-05
2.970000000000000000e+02,3.206373918801545906e-03,3.414171352982520863e-02,5.000000000000000240e-05
2.980000000000000000e+02,3.204468877986073414e-03,3.406450858712196245e-02,5.000000000000000240e-05
2.990000000000000000e+02,3.167540052905678909e-03,3.394988897442817455e-02,5.000000000000000240e-05
3.000000000000000000e+02,3.199595872312784028e-03,3.391698911786079212e-02,5.000000000000000240e-05
3.010000000000000000e+02,3.221319846808910585e-03,3.387680733203887740e-02,5.000000000000000240e-05
3.020000000000000000e+02,3.176773406565189424e-03,3.371901684999466242e-02,5.000000000000000240e-05
3.030000000000000000e+02,3.183597380295395685e-03,3.369835895299911482e-02,5.000000000000000240e-05
3.040000000000000000e+02,3.151024430990219307e-03,3.358278021216392489e-02,5.000000000000000240e-05
3.050000000000000000e+02,3.164662934839725539e-03,3.350791990756988442e-02,5.000000000000000240e-05
3.060000000000000000e+02,3.183446707203984108e-03,3.346639788150787553e-02,5.000000000000000240e-05
3.070000000000000000e+02,3.156263131648301933e-03,3.337355080246925260e-02,5.000000000000000240e-05
3.080000000000000000e+02,3.140804424881935269e-03,3.330681863427162326e-02,5.000000000000000240e-05
3.090000000000000000e+02,3.146015664562583185e-03,3.325249019265175132e-02,5.000000000000000240e-05
3.100000000000000000e+02,3.177623867988586467e-03,3.323088186979293590e-02,5.000000000000000240e-05
3.110000000000000000e+02,3.133036965504288566e-03,3.307190045714378246e-02,5.000000000000000240e-05
3.120000000000000000e+02,3.137674726545810512e-03,3.304256567358970775e-02,5.000000000000000240e-05
3.130000000000000000e+02,3.095560580492019709e-03,3.295548999309539512e-02,5.000000000000000240e-05
3.140000000000000000e+02,3.098228517919778859e-03,3.288906651735305775e-02,5.000000000000000240e-05
3.150000000000000000e+02,3.103859763592481825e-03,3.285327830910683006e-02,5.000000000000000240e-05
3.160000000000000000e+02,3.091879159212112312e-03,3.268797221779823348e-02,5.000000000000000240e-05
3.170000000000000000e+02,3.069323781877756219e-03,3.262459123134613115e-02,5.000000000000000240e-05
3.180000000000000000e+02,3.048620905727147945e-03,3.253407076001166992e-02,5.000000000000000240e-05
3.190000000000000000e+02,3.074947141110897023e-03,3.248056551814079013e-02,5.000000000000000240e-05
3.200000000000000000e+02,3.062705172225832755e-03,3.241165426373481678e-02,5.000000000000000240e-05
3.210000000000000000e+02,3.082001714035868638e-03,3.234552228450775224e-02,5.000000000000000240e-05
3.220000000000000000e+02,3.080075688660144795e-03,3.228350275754928583e-02,5.000000000000000240e-05
3.230000000000000000e+02,2.994531508535146647e-03,3.222403979301452503e-02,5.000000000000000240e-05
3.240000000000000000e+02,3.008391786366700939e-03,3.215345817804336759e-02,5.000000000000000240e-05
3.250000000000000000e+02,2.976235918700695197e-03,3.201390597224235829e-02,5.000000000000000240e-05
3.260000000000000000e+02,3.022690277546644273e-03,3.203558853268623219e-02,5.000000000000000240e-05
3.270000000000000000e+02,2.983795389533042998e-03,3.189705651998520075e-02,5.000000000000000240e-05
3.280000000000000000e+02,2.996002227067947558e-03,3.186558291316032160e-02,5.000000000000000240e-05
3.290000000000000000e+02,3.016155280172825009e-03,3.185855242609977878e-02,5.000000000000000240e-05
3.300000000000000000e+02,3.015028603374957962e-03,3.174559521675109769e-02,5.000000000000000240e-05
3.310000000000000000e+02,3.029970312491059390e-03,3.168015253543853688e-02,5.000000000000000240e-05
3.320000000000000000e+02,2.986928697675466683e-03,3.160557979345321455e-02,5.000000000000000240e-05
3.330000000000000000e+02,2.987903196364641214e-03,3.156470173597335921e-02,5.000000000000000240e-05
3.340000000000000000e+02,2.912783425301313216e-03,3.147238293290138128e-02,5.000000000000000240e-05
3.350000000000000000e+02,2.913438539952039642e-03,3.139112910628318737e-02,5.000000000000000240e-05
3.360000000000000000e+02,2.866110270842910004e-03,3.123653846979141183e-02,5.000000000000000240e-05
3.370000000000000000e+02,2.842404495924711217e-03,3.120256599783897272e-02,5.000000000000000240e-05
3.380000000000000000e+02,2.827953854575753281e-03,3.111224707961082400e-02,5.000000000000000240e-05
3.390000000000000000e+02,2.849620521068573029e-03,3.114729285240173257e-02,5.000000000000000240e-05
3.400000000000000000e+02,2.821538042277097792e-03,3.101356941461563127e-02,5.000000000000000240e-05
3.410000000000000000e+02,2.911690138280391676e-03,3.105375900864601121e-02,5.000000000000000240e-05
3.420000000000000000e+02,2.881418924778699972e-03,3.101398457586765356e-02,5.000000000000000240e-05
3.430000000000000000e+02,2.858085764572024408e-03,3.084805408120155218e-02,5.000000000000000240e-05
3.440000000000000000e+02,2.909400299191474901e-03,3.089115370810031902e-02,5.000000000000000240e-05
3.450000000000000000e+02,2.893982719630002962e-03,3.071894264221191467e-02,5.000000000000000240e-05
3.460000000000000000e+02,2.901067012920975716e-03,3.073228694498538957e-02,5.000000000000000240e-05
3.470000000000000000e+02,2.936564983800053590e-03,3.073485472798347454e-02,5.000000000000000240e-05
3.480000000000000000e+02,2.885524004697799863e-03,3.057919490337371662e-02,5.000000000000000240e-05
3.490000000000000000e+02,2.896690897643566191e-03,3.052835117280483165e-02,5.000000000000000240e-05
3.500000000000000000e+02,2.895481713116169076e-03,3.049052724242210313e-02,5.000000000000000240e-05
3.510000000000000000e+02,2.887917447835207114e-03,3.037735338509082658e-02,5.000000000000000240e-05
3.520000000000000000e+02,2.851579057052731382e-03,3.035269176959991613e-02,5.000000000000000240e-05
3.530000000000000000e+02,2.819469982758164572e-03,3.024017074704170305e-02,5.000000000000000240e-05
3.540000000000000000e+02,2.825860098004341105e-03,3.024155363440513694e-02,5.000000000000000240e-05
3.550000000000000000e+02,2.767718810588121539e-03,3.011778695881366791e-02,5.000000000000000240e-05
3.560000000000000000e+02,2.794443855062127193e-03,3.009453526139259372e-02,5.000000000000000240e-05
3.570000000000000000e+02,2.739706154912710002e-03,2.997174769639968789e-02,5.000000000000000240e-05
3.580000000000000000e+02,2.736345211043953850e-03,2.995369681715965432e-02,5.000000000000000240e-05
3.590000000000000000e+02,2.774224806576967156e-03,2.989846432209014929e-02,5.000000000000000240e-05
3.600000000000000000e+02,2.823882713913917347e-03,2.993169721961021559e-02,5.000000000000000240e-05
3.610000000000000000e+02,2.837214924395084579e-03,2.983471240103244618e-02,5.000000000000000240e-05
3.620000000000000000e+02,2.777320558205247005e-03,2.975374311208724837e-02,5.000000000000000240e-05
3.630000000000000000e+02,2.787974692881107445e-03,2.970138379931449787e-02,5.000000000000000240e-05
3.640000000000000000e+02,2.776045229285955228e-03,2.964755494892597210e-02,5.000000000000000240e-05
3.650000000000000000e+02,2.738685669377446084e-03,2.957653807103633944e-02,5.000000000000000240e-05
3.660000000000000000e+02,2.709771087393164461e-03,2.949222096800804133e-02,5.000000000000000240e-05
3.670000000000000000e+02,2.660589907318353792e-03,2.943427944183349756e-02,5.000000000000000240e-05
3.680000000000000000e+02,2.705976137891411958e-03,2.943372440338134707e-02,5.000000000000000240e-05
3.690000000000000000e+02,2.649550795555114923e-03,2.930625846982002139e-02,5.000000000000000240e-05
3.700000000000000000e+02,2.643018379807472382e-03,2.920568035542964874e-02,5.000000000000000240e-05
3.710000000000000000e+02,2.675888927653431899e-03,2.923898221552372056e-02,5.000000000000000240e-05
3.720000000000000000e+02,2.694332029670476816e-03,2.915808942914008967e-02,5.000000000000000240e-05
3.730000000000000000e+02,2.690211415290832617e-03,2.916723312437534410e-02,5.000000000000000240e-05
3.740000000000000000e+02,2.683022448793053686e-03,2.911933273077011233e-02,5.000000000000000240e-05
3.750000000000000000e+02,2.681322533637285274e-03,2.906381361186504211e-02,5.000000000000000240e-05
3.760000000000000000e+02,2.679396091029048136e-03,2.898937894403934637e-02,5.000000000000000240e-05
3.770000000000000000e+02,2.662230616435408599e-03,2.890940621495246762e-02,5.000000000000000240e-05
3.780000000000000000e+02,2.665499215945601671e-03,2.885128477215766901e-02,5.000000000000000240e-05
3.790000000000000000e+02,2.630203913897275793e-03,2.877408273518085313e-02,5.000000000000000240e-05
3.800000000000000000e+02,2.666227512061595997e-03,2.883318403363227880e-02,5.000000000000000240e-05
3.810000000000000000e+02,2.644135307520628034e-03,2.869433687627315557e-02,5.000000000000000240e-05
3.820000000000000000e+02,2.684701412916183291e-03,2.872811022400855938e-02,5.000000000000000240e-05
3.830000000000000000e+02,2.654229974374175231e-03,2.861575135588646096e-02,5.000000000000000240e-05
3.840000000000000000e+02,2.625025460496544991e-03,2.856940981745719962e-02,5.000000000000000240e-05
3.850000000000000000e+02,2.619813565164804629e-03,2.849520662426948542e-02,5.000000000000000240e-05
3.860000000000000000e+02,2.631688844412565127e-03,2.848932150006294392e-02,5.000000000000000240e-05
3.870000000000000000e+02,2.656223159283399495e-03,2.845266914367675787e-02,5.000000000000000240e-05
3.880000000000000000e+02,2.688349420204758609e-03,2.840335938334465071e-02,5.000000000000000240e-05
3.890000000000000000e+02,2.627564581111073525e-03,2.834181648492813121e-02,5.000000000000000240e-05
3.900000000000000000e+02,2.610616823658347321e-03,2.830248615145683141e-02,5.000000000000000240e-05
3.910000000000000000e+02,2.582186220213771033e-03,2.822741550207137975e-02,5.000000000000000240e-05
3.920000000000000000e+02,2.572701431810855890e-03,2.815073701739311332e-02,5.000000000000000240e-05
3.930000000000000000e+02,2.581735352054238125e-03,2.807972191274166196e-02,5.000000000000000240e-05
3.940000000000000000e+02,2.578599877655505992e-03,2.802727119624614724e-02,5.000000000000000240e-05
3.950000000000000000e+02,2.587421905249357151e-03,2.803169286251068135e-02,5.000000000000000240e-05
3.960000000000000000e+02,2.616243042051792037e-03,2.800185862183570892e-02,5.000000000000000240e-05
3.970000000000000000e+02,2.612765073776245062e-03,2.788001601397991150e-02,5.000000000000000240e-05
3.980000000000000000e+02,2.588352946564554963e-03,2.791837981343269284e-02,5.000000000000000240e-05
3.990000000000000000e+02,2.548649979755282600e-03,2.777997310459613678e-02,5.000000000000000240e-05
4.000000000000000000e+02,2.550737611949443779e-03,2.772637432813644318e-02,5.000000000000000240e-05
4.010000000000000000e+02,2.614346425980329600e-03,2.775816211104393041e-02,5.000000000000000240e-05
4.020000000000000000e+02,2.609980573877692354e-03,2.770413541793823389e-02,5.000000000000000240e-05
4.030000000000000000e+02,2.577560547739267145e-03,2.762766267359256789e-02,5.000000000000000240e-05
4.040000000000000000e+02,2.548557752743363207e-03,2.758285601437091700e-02,5.000000000000000240e-05
4.050000000000000000e+02,2.503623712807893833e-03,2.750481824576854820e-02,5.000000000000000240e-05
4.060000000000000000e+02,2.527550019323825895e-03,2.744821825623512332e-02,5.000000000000000240e-05
4.070000000000000000e+02,2.527295758947729898e-03,2.745836833119392334e-02,5.000000000000000240e-05
4.080000000000000000e+02,2.561946978792548155e-03,2.741963678598403897e-02,5.000000000000000240e-05
4.090000000000000000e+02,2.587651472538709824e-03,2.732151272892952010e-02,5.000000000000000240e-05
4.100000000000000000e+02,2.544849157333373829e-03,2.734117047488689514e-02,5.000000000000000240e-05
4.110000000000000000e+02,2.602245438843965499e-03,2.730601604282855907e-02,5.000000000000000240e-05
4.120000000000000000e+02,2.585857253521680645e-03,2.727657043933868347e-02,5.000000000000000240e-05
4.130000000000000000e+02,2.529451334848999925e-03,2.716270987689494917e-02,5.000000000000000240e-05
4.140000000000000000e+02,2.530415456742048097e-03,2.716704182326793587e-02,5.000000000000000240e-05
4.150000000000000000e+02,2.464312683790922075e-03,2.702037914097309146e-02,5.000000000000000240e-05
4.160000000000000000e+02,2.515296561643481053e-03,2.699781276285648235e-02,5.000000000000000240e-05
4.170000000000000000e+02,2.479679586365819005e-03,2.696910950541496141e-02,5.000000000000000240e-05
4.180000000000000000e+02,2.428889807313680798e-03,2.689106404781341567e-02,5.000000000000000240e-05
4.190000000000000000e+02,2.445161495357751728e-03,2.690787881612777613e-02,5.000000000000000240e-05
4.200000000000000000e+02,2.461902940645814032e-03,2.680529060959815912e-02,5.000000000000000240e-05
4.210000000000000000e+02,2.473215881735086382e-03,2.676175396144389942e-02,5.000000000000000240e-05
4.220000000000000000e+02,2.430208912119269545e-03,2.670178015530109278e-02,5.000000000000000240e-05
4.230000000000000000e+02,2.440167769789695559e-03,2.668957038223743541e-02,5.000000000000000240e-05
4.240000000000000000e+02,2.447007585316896255e-03,2.669581831991672469e-02,5.000000000000000240e-05
4.250000000000000000e+02,2.436783488839864946e-03,2.660633060336112937e-02,5.000000000000000240e-05
4.260000000000000000e+02,2.452764678746461886e-03,2.662724810838699302e-02,5.000000000000000240e-05
4.270000000000000000e+02,2.468018654733896214e-03,2.659064927697181793e-02,5.000000000000000240e-05
4.280000000000000000e+02,2.522635031491518229e-03,2.653964914381504170e-02,5.000000000000000240e-05
4.290000000000000000e+02,2.441224232316017203e-03,2.648476420342922230e-02,5.000000000000000240e-05
4.300000000000000000e+02,2.448466803878545598e-03,2.641789451241493072e-02,5.000000000000000240e-05
4.310000000000000000e+02,2.455132747069001340e-03,2.639283314347267220e-02,5.000000000000000240e-05
4.320000000000000000e+02,2.441049367189407175e-03,2.638495202362537220e-02,5.000000000000000240e-05
4.330000000000000000e+02,2.424038952216506053e-03,2.632767981290817100e-02,5.000000000000000240e-05
4.340000000000000000e+02,2.431904215365648415e-03,2.628044508397579110e-02,5.000000000000000240e-05
4.350000000000000000e+02,2.409925647079944576e-03,2.623264369368553256e-02,5.000000000000000240e-05
4.360000000000000000e+02,2.426384495571255653e-03,2.616235940158367218e-02,5.000000000000000240e-05
4.370000000000000000e+02,2.427388362586498094e-03,2.613634911179542678e-02,5.000000000000000240e-05
4.380000000000000000e+02,2.390823932364582929e-03,2.608391138911247270e-02,5.000000000000000240e-05
4.390000000000000000e+02,2.413126097992062628e-03,2.605719600617885726e-02,5.000000000000000240e-05
4.400000000000000000e+02,2.417762205004691991e-03,2.606266817450523382e-02,5.000000000000000240e-05
4.410000000000000000e+02,2.395829310640692784e-03,2.593706478178501099e-02,5.000000000000000240e-05
4.420000000000000000e+02,2.379559697583317774e-03,2.594105757772922558e-02,5.000000000000000240e-05
4.430000000000000000e+02,2.360212698578834523e-03,2.585196626186370833e-02,5.000000000000000240e-05
4.440000000000000000e+02,2.368500839918851863e-03,2.588565123081207342e-02,5.000000000000000240e-05
4.450000000000000000e+02,2.384695032611489508e-03,2.584510558843612638e-02,5.000000000000000240e-05
4.460000000000000000e+02,2.371371662244200606e-03,2.572622677683830336e-02,5.000000000000000240e-05
4.470000000000000000e+02,2.393188711255788727e-03,2.575706367194652638e-02,5.000000000000000240e-05
4.480000000000000000e+02,2.392254132777452569e-03,2.573930899798870103e-02,5.000000000000000240e-05
4.490000000000000000e+02,2.404243307188153305e-03,2.564465393126011059e-02,5.000000000000000240e-05
4.500000000000000000e+02,2.451011195778846595e-03,2.569731664657592604e-02,5.000000000000000240e-05
4.510000000000000000e+02,2.354722633957862833e-03,2.562548537552356703e-02,5.000000000000000240e-05
4.520000000000000000e+02,2.349407611414790296e-03,2.556246349215507419e-02,5.000000000000000240e-05
4.530000000000000000e+02,2.369085298851132584e-03,2.551352557539940044e-02,5.000000000000000240e-05
4.540000000000000000e+02,2.349223965778946942e-03,2.547804270684719125e-02,5.000000000000000240e-05
4.550000000000000000e+02,2.339385984465479872e-03,2.537125153839588088e-02,5.000000000000000240e-05
4.560000000000000000e+02,2.352080892771482492e-03,2.540669040381908494e-02,5.000000000000000240e-05
4.570000000000000000e+02,2.339920517057180599e-03,2.533590309321880410e-02,5.000000000000000240e-05
4.580000000000000000e+02,2.301575515419244759e-03,2.526235482096671897e-02,5.000000000000000240e-05
4.590000000000000000e+02,2.291979843750595845e-03,2.523986871540546267e-02,5.000000000000000240e-05
4.600000000000000000e+02,2.251322407275438246e-03,2.515814276039600450e-02,5.000000000000000240e-05
4.610000000000000000e+02,2.248464647680521126e-03,2.522663246095180681e-02,5.000000000000000240e-05
4.620000000000000000e+02,2.298419248312711868e-03,2.518236573040485288e-02,5.000000000000000240e-05
4.630000000000000000e+02,2.304967688396573032e-03,2.513043151795863947e-02,5.000000000000000240e-05
4.640000000000000000e+02,2.322482559829950471e-03,2.508403746783733484e-02,5.000000000000000240e-05
4.650000000000000000e+02,2.323407035320997419e-03,2.505139023065567142e-02,5.000000000000000240e-05
4.660000000000000000e+02,2.340861620381474561e-03,2.507318153977394076e-02,5.000000000000000240e-05
4.670000000000000000e+02,2.348066808655858203e-03,2.504125864803791179e-02,5.000000000000000240e-05
4.680000000000000000e+02,2.366399750113487317e-03,2.499419227242469926e-02,5.000000000000000240e-05
4.690000000000000000e+02,2.339769013226032472e-03,2.496839147806167655e-02,5.000000000000000240e-05
4.700000000000000000e+02,2.281956465914845682e-03,2.487719286978244682e-02,5.000000000000000240e-05
4.710000000000000000e+02,2.287992112338542959e-03,2.488137349486350958e-02,5.000000000000000240e-05
4.720000000000000000e+02,2.255268022418022242e-03,2.480816556513309318e-02,5.000000000000000240e-05
4.730000000000000000e+02,2.288711490109562874e-03,2.478500740230083627e-02,5.000000000000000240e-05
4.740000000000000000e+02,2.265747457742691220e-03,2.471178613603115110e-02,5.000000000000000240e-05
4.750000000000000000e+02,2.308113541454076979e-03,2.472263671457767403e-02,5.000000000000000240e-05
4.760000000000000000e+02,2.263306569308042634e-03,2.468353596329688968e-02,5.000000000000000240e-05
4.770000000000000000e+02,2.277885178104043125e-03,2.463092082738876226e-02,5.000000000000000240e-05
4.780000000000000000e+02,2.271074807271361400e-03,2.461114263534545932e-02,5.000000000000000240e-05
4.790000000000000000e+02,2.268768809735774959e-03,2.458837413787841666e-02,5.000000000000000240e-05
4.800000000000000000e+02,2.278142550960183220e-03,2.455846329033374922e-02,5.000000000000000240e-05
4.810000000000000000e+02,2.268666347488760768e-03,2.448975875973701324e-02,5.000000000000000240e-05
4.820000000000000000e+02,2.255207447335124196e-03,2.443681298196315882e-02,5.000000000000000240e-05
4.830000000000000000e+02,2.219549454748630593e-03,2.439247447252273701e-02,5.000000000000000240e-05
4.840000000000000000e+02,2.229335773736238532e-03,2.441622784733772297e-02,5.000000000000000240e-05
4.850000000000000000e+02,2.222923701629042539e-03,2.433548577129840754e-02,5.000000000000000240e-05
4.860000000000000000e+02,2.226867176592350114e-03,2.434127897024154774e-02,5.000000000000000240e-05
4.870000000000000000e+02,2.237840713933110168e-03,2.429821088910102955e-02,5.000000000000000240e-05
4.880000000000000000e+02,2.210106473416090060e-03,2.422110374271869634e-02,5.000000000000000240e-05
4.890000000000000000e+02,2.215648831799626323e-03,2.421307559311389884e-02,5.000000000000000240e-05
4.900000000000000000e+02,2.235982038080692319e-03,2.418961568176746305e-02,5.000000000000000240e-05
4.910000000000000000e+02,2.267379933968186566e-03,2.415960714221000727e-02,5.000000000000000240e-05
4.920000000000000000e+02,2.263327583670616053e-03,2.415530328452587111e-02,5.000000000000000240e-05
4.930000000000000000e+02,2.223650744184851522e-03,2.414023487269878476e-02,5.000000000000000240e-05
4.940000000000000000e+02,2.209412671625614073e-03,2.403504139184951816e-02,5.000000000000000240e-05
4.950000000000000000e+02,2.188663611188530755e-03,2.405922535061836079e-02,5.000000000000000240e-05
4.960000000000000000e+02,2.210786219686269784e-03,2.399886462092399447e-02,5.000000000000000240e-05
4.970000000000000000e+02,2.206548519432544736e-03,2.394836476445198065e-02,5.000000000000000240e-05
4.980000000000000000e+02,2.244839403778314379e-03,2.391771355271339258e-02,5.000000000000000240e-05
4.990000000000000000e+02,2.227896887809038134e-03,2.399257816374301966e-02,5.000000000000000240e-05
5.000000000000000000e+02,2.201574241742491889e-03,2.386126929521560636e-02,5.000000000000000240e-05
5.010000000000000000e+02,2.190474500879645466e-03,2.383085404336452578e-02,5.000000000000000240e-05
5.020000000000000000e+02,2.162369910627603628e-03,2.376352132856845989e-02,5.000000000000000240e-05
5.030000000000000000e+02,2.176127696409821660e-03,2.374415723979473106e-02,5.000000000000000240e-05
5.040000000000000000e+02,2.158746557310223593e-03,2.370009014010429280e-02,5.000000000000000240e-05
5.050000000000000000e+02,2.161250155419111151e-03,2.370928184688091134e-02,5.000000000000000240e-05
5.060000000000000000e+02,2.162113256752491025e-03,2.370652809739112743e-02,5.000000000000000240e-05
5.070000000000000000e+02,2.195415977388620165e-03,2.359351640939712572e-02,5.000000000000000240e-05
5.080000000000000000e+02,2.251861380413174452e-03,2.372514571249485088e-02,5.000000000000000240e-05
5.090000000000000000e+02,2.205393683165312018e-03,2.361034576594829570e-02,5.000000000000000240e-05
5.100000000000000000e+02,2.177296893671154879e-03,2.354779636859893888e-02,5.000000000000000240e-05
5.110000000000000000e+02,2.156020311638712911e-03,2.353237809240818143e-02,5.000000000000000240e-05
5.120000000000000000e+02,2.155651450157165631e-03,2.342756195366382452e-02,5.000000000000000240e-05
5.130000000000000000e+02,2.185134209692478260e-03,2.345699840784072968e-02,5.000000000000000240e-05
5.140000000000000000e+02,2.148065498098730881e-03,2.344048987329006364e-02,5.000000000000000240e-05
5.150000000000000000e+02,2.149458277970552316e-03,2.340546351671218828e-02,5.000000000000000240e-05
5.160000000000000000e+02,2.167868806980550404e-03,2.346301217377185985e-02,5.000000000000000240e-05
5.170000000000000000e+02,2.120834212750196627e-03,2.327305109798908159e-02,5.000000000000000240e-05
5.180000000000000000e+02,2.147868040949106345e-03,2.328282839059829870e-02,5.000000000000000240e-05
5.190000000000000000e+02,2.173111740499735021e-03,2.332533665001392323e-02,5.000000000000000240e-05
5.200000000000000000e+02,2.180754382163286285e-03,2.331992155313491674e-02,5.000000000000000240e-05
5.210000000000000000e+02,2.172797514125704866e-03,2.323838081955909712e-02,5.000000000000000240e-05
5.220000000000000000e+02,2.188510376960038986e-03,2.325115591287612790e-02,5.000000000000000240e-05
5.230000000000000000e+02,2.204432867467403558e-03,2.324688325822353227e-02,5.000000000000000240e-05
5.240000000000000000e+02,2.150754421018064109e-03,2.314083667099475772e-02,5.000000000000000240e-05
5.250000000000000000e+02,2.104596147313713989e-03,2.307946619391441218e-02,5.000000000000000240e-05
5.260000000000000000e+02,2.059141989797353897e-03,2.299509970843792092e-02,5.000000000000000240e-05
5.270000000000000000e+02,2.075390200130641533e-03,2.305207405984401742e-02,5.000000000000000240e-05
5.280000000000000000e+02,2.049254732206463783e-03,2.296076807379722473e-02,5.000000000000000240e-05
5.290000000000000000e+02,2.037981562316417729e-03,2.289408577978610873e-02,5.000000000000000240e-05
5.300000000000000000e+02,2.078363632783293818e-03,2.295440705120563654e-02,5.000000000000000240e-05
5.310000000000000000e+02,2.100447677075862902e-03,2.287565939128398743e-02,5.000000000000000240e-05
5.320000000000000000e+02,2.093743514269590360e-03,2.294989204406738120e-02,5.000000000000000240e-05
5.330000000000000000e+02,2.148242006078362500e-03,2.293392357230186404e-02,5.000000000000000240e-05
5.340000000000000000e+02,2.152790151536464712e-03,2.291315419971943004e-02,5.000000000000000240e-05
5.350000000000000000e+02,2.132530132308602545e-03,2.285624946653842804e-02,5.000000000000000240e-05
5.360000000000000000e+02,2.138300014659762216e-03,2.283975523710250755e-02,5.000000000000000240e-05
5.370000000000000000e+02,2.205764630809426211e-03,2.282655185461044192e-02,5.000000000000000240e-05
5.380000000000000000e+02,2.217800108715891998e-03,2.284859159588813887e-02,5.000000000000000240e-05
5.390000000000000000e+02,2.223492860794067192e-03,2.275879877805709814e-02,5.000000000000000240e-05
5.400000000000000000e+02,2.193852597847580944e-03,2.271576085686683594e-02,5.000000000000000240e-05
5.410000000000000000e+02,2.181040199473500193e-03,2.271341273188590831e-02,5.000000000000000240e-05
5.420000000000000000e+02,2.153339765965938454e-03,2.266714781522750910e-02,5.000000000000000240e-05
5.430000000000000000e+02,2.140259932726621458e-03,2.261135464906692538e-02,5.000000000000000240e-05
5.440000000000000000e+02,2.133176464587450191e-03,2.262935134768485901e-02,5.000000000000000240e-05
5.450000000000000000e+02,2.147083807736635108e-03,2.256196708977222312e-02,5.000000000000000240e-05
5.460000000000000000e+02,2.144850721582770327e-03,2.256608103215694550e-02,5.000000000000000240e-05
5.470000000000000000e+02,2.093839826062321528e-03,2.242360821366310222e-02,5.000000000000000240e-05
5.480000000000000000e+02,2.101453684270381764e-03,2.250036843121051844e-02,5.000000000000000240e-05
5.490000000000000000e+02,2.084940481930971229e-03,2.245522648096084581e-02,5.000000000000000240e-05
5.500000000000000000e+02,2.065092390403151356e-03,2.239430010318756159e-02,5.000000000000000240e-05
5.510000000000000000e+02,2.038852490484714328e-03,2.236788120865821836e-02,5.000000000000000240e-05
5.520000000000000000e+02,2.065277313813567057e-03,2.232569734752178070e-02,5.000000000000000240e-05
5.530000000000000000e+02,2.014170322567224690e-03,2.228611187636852370e-02,5.000000000000000240e-05
5.540000000000000000e+02,2.030835304409265522e-03,2.221551331877708382e-02,5.000000000000000240e-05
5.550000000000000000e+02,2.013892743736505307e-03,2.223166896402836018e-02,5.000000000000000240e-05
5.560000000000000000e+02,2.034122115001082629e-03,2.222248347103595797e-02,5.000000000000000240e-05
5.570000000000000000e+02,2.027259280905127723e-03,2.220558457076549433e-02,5.000000000000000240e-05
5.580000000000000000e+02,2.050133541226387048e-03,2.216413810849189592e-02,5.000000000000000240e-05
5.590000000000000000e+02,1.992410930804908425e-03,2.209102314710617229e-02,5.000000000000000240e-05
5.600000000000000000e+02,1.971162773668766032e-03,2.214085102081298981e-02,5.000000000000000240e-05
5.610000000000000000e+02,2.032593578100204499e-03,2.209011355042457547e-02,5.000000000000000240e-05
5.620000000000000000e+02,2.043995367363095079e-03,2.209803991019725772e-02,5.000000000000000240e-05
5.630000000000000000e+02,2.044974727556109293e-03,2.205268660187721316e-02,5.000000000000000240e-05
5.640000000000000000e+02,2.078311027958989077e-03,2.205621734261512673e-02,5.000000000000000240e-05
5.650000000000000000e+02,2.097234433516859901e-03,2.203620153665542675e-02,5.000000000000000240e-05
5.660000000000000000e+02,2.078346239402890320e-03,2.202229495346546065e-02,5.000000000000000240e-05
5.670000000000000000e+02,2.109720021486282196e-03,2.201883921027183652e-02,5.000000000000000240e-05
5.680000000000000000e+02,2.078904338181018687e-03,2.194494362175464577e-02,5.000000000000000240e-05
5.690000000000000000e+02,2.043437121435999655e-03,2.197968621551990576e-02,5.000000000000000240e-05
5.700000000000000000e+02,2.024957701563835210e-03,2.182945281267166179e-02,5.000000000000000240e-05
5.710000000000000000e+02,1.995743935927748840e-03,2.182025483250617931e-02,5.000000000000000240e-05
5.720000000000000000e+02,1.997409645467996663e-03,2.183413675427436917e-02,5.000000000000000240e-05
5.730000000000000000e+02,2.015527071431279325e-03,2.179284617304801802e-02,5.000000000000000240e-05
5.740000000000000000e+02,1.991372853517532193e-03,2.170881003141403309e-02,5.000000000000000240e-05
5.750000000000000000e+02,1.964803919196128710e-03,2.174728350341319921e-02,5.000000000000000240e-05
5.760000000000000000e+02,1.994899321347475170e-03,2.173087202012538924e-02,5.000000000000000240e-05
5.770000000000000000e+02,1.971128143370151631e-03,2.174569776654243503e-02,5.000000000000000240e-05
5.780000000000000000e+02,1.963560845702886672e-03,2.166076049208641094e-02,5.000000000000000240e-05
5.790000000000000000e+02,1.975775402039289374e-03,2.164167055487632718e-02,5.000000000000000240e-05
5.800000000000000000e+02,2.008568635210394773e-03,2.162241747975349529e-02,5.000000000000000240e-05
5.810000000000000000e+02,2.066547656431794080e-03,2.171802760660648465e-02,5.000000000000000240e-05
5.820000000000000000e+02,2.051761418581008866e-03,2.163635903596878088e-02,5.000000000000000240e-05
5.830000000000000000e+02,2.043613460846245393e-03,2.164260260760784288e-02,5.000000000000000240e-05
5.840000000000000000e+02,1.997786913067102488e-03,2.149735645949840679e-02,5.000000000000000240e-05
5.850000000000000000e+02,1.994492799043655513e-03,2.154455387592315793e-02,5.000000000000000240e-05
5.860000000000000000e+02,1.953525958582758969e-03,2.148883941769599848e-02,5.000000000000000240e-05
5.870000000000000000e+02,1.973891166970133653e-03,2.149475279450416623e-02,5.000000000000000240e-05
5.880000000000000000e+02,2.011010251939296823e-03,2.147766359150409671e-02,5.000000000000000240e-05
5.890000000000000000e+02,1.967869931831955910e-03,2.140429686009883911e-02,5.000000000000000240e-05
5.900000000000000000e+02,1.971619406715035324e-03,2.132140497863292683e-02,5.000000000000000240e-05
5.910000000000000000e+02,1.982185550034046111e-03,2.141078579425811923e-02,5.000000000000000240e-05
5.920000000000000000e+02,2.012204613536596170e-03,2.135299956798553458e-02,5.000000000000000240e-05
5.930000000000000000e+02,1.956021849066018944e-03,2.132387417554855447e-02,5.000000000000000240e-05
5.940000000000000000e+02,1.939232345670461590e-03,2.128665429353714111e-02,5.000000000000000240e-05
5.950000000000000000e+02,2.007169418968260313e-03,2.136619505286216705e-02,5.000000000000000240e-05
5.960000000000000000e+02,1.980764070525765225e-03,2.129108810424804737e-02,5.000000000000000240e-05
5.970000000000000000e+02,2.007256627082824700e-03,2.126922887563705358e-02,5.000000000000000240e-05
5.980000000000000000e+02,1.990489970892667711e-03,2.120484100282192183e-02,5.000000000000000240e-05
5.990000000000000000e+02,1.961981708183884593e-03,2.122796025872230458e-02,5.000000000000000240e-05
6.000000000000000000e+02,1.962854487821459864e-03,2.116493088006973430e-02,5.000000000000000240e-05
